Date;Gagnant;Jackpot;n1;n2;n3;n4;n5;e1;e2
2004-02-13;1;15 000 000 €;16;29;32;36;41;7;9
2004-02-20;0;15 000 000 €;7;13;39;47;50;2;5
2004-02-27;0;17 000 000 €;14;18;19;31;37;4;5
2004-03-05;1;20 678 070 €;4;7;33;37;39;1;5
2004-03-12;0;15 000 000 €;15;24;28;44;47;4;5
2004-03-19;0;17 000 000 €;33;36;37;42;45;4;9
2004-03-26;0;20 000 000 €;3;4;10;23;43;2;4
2004-04-02;0;22 000 000 €;4;12;24;27;36;2;9
2004-04-09;1;25 556 285 €;1;4;10;19;23;2;8
2004-04-16;0;15 000 000 €;14;15;28;35;40;1;3
2004-04-23;0;17 000 000 €;6;10;21;45;49;3;5
2004-04-30;0;20 000 000 €;5;6;16;23;27;6;7
2004-05-07;0;25 000 000 €;15;16;21;36;38;1;5
2004-05-14;1;33 816 137 €;1;3;21;32;39;2;6
2004-05-21;1;10 000 000 €;15;29;37;39;49;4;9
2004-05-28;0;10 000 000 €;6;11;35;41;44;5;6
2004-06-04;1;12 488 171 €;9;13;34;41;42;3;7
2004-06-11;0;10 000 000 €;2;7;8;10;47;1;7
2004-06-18;1;12 286 876 €;2;23;28;40;43;2;6
2004-06-25;0;10 000 000 €;3;21;30;34;35;1;2
2004-07-02;0;12 000 000 €;4;23;24;28;34;1;3
2004-07-09;0;14 000 000 €;2;5;12;19;44;8;9
2004-07-16;0;17 000 000 €;24;26;31;38;50;5;8
2004-07-23;0;19 000 000 €;7;10;27;31;34;3;8
2004-07-30;0;22 000 000 €;9;10;19;37;50;1;6
2004-08-06;1;24 746 858 €;5;15;24;35;44;5;6
2004-08-13;0;10 000 000 €;20;27;41;43;50;5;8
2004-08-20;0;12 000 000 €;6;9;10;27;35;6;8
2004-08-27;0;14 000 000 €;1;11;22;28;44;1;9
2004-09-03;0;17 000 000 €;8;12;14;15;34;6;7
2004-09-10;0;19 000 000 €;5;25;33;36;38;2;5
2004-09-17;0;22 000 000 €;15;18;29;39;41;5;8
2004-09-24;0;25 000 000 €;21;26;27;44;48;1;7
2004-10-01;1;29 785 269 €;12;20;21;45;48;5;6
2004-10-08;0;10 000 000 €;1;10;12;16;48;2;6
2004-10-15;0;17 000 000 €;14;21;22;37;43;5;8
2004-10-22;1;25 059 130 €;1;9;23;25;40;3;9
2004-10-29;0;10 000 000 €;1;8;32;35;38;4;9
2004-11-05;0;17 000 000 €;6;19;25;42;49;1;7
2004-11-12;0;24 000 000 €;4;11;12;13;32;3;9
2004-11-19;0;32 000 000 €;1;18;29;34;37;2;6
2004-11-26;1;43 756 502 €;1;4;24;34;36;6;8
2004-12-03;0;10 000 000 €;1;11;15;42;49;3;4
2004-12-10;0;17 000 000 €;1;3;13;16;43;2;7
2004-12-17;1;26 215 627 €;15;19;22;46;49;2;9
2004-12-24;1;10 000 000 €;3;4;27;29;37;5;6
2004-12-31;0;10 000 000 €;7;8;24;25;47;8;9
2005-01-07;0;0 €;3;23;27;47;50;2;3
2005-01-14;2;26 007 362 €;6;11;14;19;29;1;3
2005-01-21;0;10 000 000 €;10;12;14;24;26;5;8
2005-01-28;0;17 000 000 €;7;21;26;43;45;5;7
2005-02-04;0;25 000 000 €;1;8;11;30;40;7;8
2005-02-11;1;34 776 948 €;11;13;25;32;50;4;7
2005-02-18;1;10 000 000 €;20;21;26;32;46;8;9
2005-02-25;0;10 000 000 €;3;27;30;43;44;4;8
2005-03-04;0;17 000 000 €;12;24;32;37;39;7;9
2005-03-11;0;26 000 000 €;8;12;23;40;43;1;4
2005-03-18;0;35 000 000 €;6;23;39;43;48;5;7
2005-03-25;0;44 000 000 €;4;29;33;37;38;6;9
2005-04-01;0;51 000 000 €;25;26;41;44;47;3;7
2005-04-08;1;64 040 749 €;7;11;25;31;50;1;3
2005-04-15;0;15 000 000 €;6;28;31;38;42;3;9
2005-04-22;2;23 749 558 €;3;10;13;24;47;5;9
2005-04-29;0;15 000 000 €;3;9;35;39;42;1;8
2005-05-06;0;23 000 000 €;7;12;21;26;44;6;8
2005-05-13;0;32 000 000 €;12;17;31;32;40;2;9
2005-05-20;1;43 020 745 €;6;7;13;28;47;5;8
2005-05-27;0;15 000 000 €;2;24;31;48;50;4;9
2005-06-03;0;23 000 000 €;3;8;11;17;50;1;5
2005-06-10;0;32 000 000 €;6;7;32;37;47;1;7
2005-06-17;0;42 000 000 €;4;8;10;18;21;1;7
2005-06-24;0;52 000 000 €;6;8;14;15;45;7;8
2005-07-01;0;60 000 000 €;4;5;23;25;28;3;4
2005-07-08;0;69 000 000 €;35;36;42;46;49;2;8
2005-07-15;0;81 000 000 €;1;11;12;23;42;3;6
2005-07-22;0;96 000 000 €;3;14;41;48;49;1;4
2005-07-29;1;115 436 126 €;3;19;26;49;50;4;5
2005-08-05;0;15 000 000 €;2;11;21;22;30;4;6
2005-08-12;0;24 000 000 €;15;23;30;37;40;7;9
2005-08-19;0;35 000 000 €;11;24;29;31;41;1;3
2005-08-26;0;45 000 000 €;9;29;35;40;41;1;6
2005-09-02;0;57 000 000 €;3;4;14;43;50;3;6
2005-09-09;0;66 000 000 €;8;12;19;31;50;6;7
2005-09-16;1;75 888 514 €;12;13;19;21;38;3;9
2005-09-23;0;15 000 000 €;1;26;31;34;47;4;9
2005-09-30;4;25 066 380 €;6;11;47;48;50;1;6
2005-10-07;2;15 000 000 €;2;13;21;26;44;3;9
2005-10-14;1;15 000 000 €;10;11;19;20;23;1;6
2005-10-21;0;15 000 000 €;1;14;19;29;33;1;8
2005-10-28;0;24 000 000 €;14;36;44;47;50;3;5
2005-11-04;0;34 000 000 €;26;36;37;38;42;2;6
2005-11-11;1;45 117 030 €;15;16;36;41;42;3;5
2005-11-18;0;15 000 000 €;17;18;25;34;48;2;3
2005-11-25;0;24 000 000 €;1;6;27;39;47;1;6
2005-12-02;0;34 000 000 €;1;9;20;23;30;4;7
2005-12-09;0;44 000 000 €;11;18;35;38;42;1;5
2005-12-16;0;55 000 000 €;2;3;15;18;32;6;7
2005-12-23;0;64 000 000 €;15;31;36;37;42;1;7
2005-12-30;0;75 000 000 €;8;16;19;43;45;1;4
2006-01-06;0;0 €;2;6;9;14;26;4;5
2006-01-13;0;103 000 000 €;8;12;19;33;34;1;6
2006-01-20;0;125 000 000 €;12;15;33;44;50;2;6
2006-01-27;0;152 882 223 €;9;15;21;40;49;1;4
2006-02-03;3;183 573 078 €;9;21;30;39;50;1;3
2006-02-10;0;15 000 000 €;5;6;38;48;50;6;7
2006-02-17;1;27 813 382 €;4;23;24;26;38;2;4
2006-02-24;0;15 000 000 €;1;11;18;19;47;3;7
2006-03-03;0;26 842 720 €;3;5;8;10;44;3;5
2006-03-10;0;39 080 314 €;1;21;33;45;49;4;8
2006-03-17;0;51 865 203 €;5;32;44;45;50;1;7
2006-03-24;0;65 117 842 €;17;28;33;35;47;4;9
2006-03-31;1;75 753 123 €;3;20;31;45;50;6;7
2006-04-07;0;15 000 000 €;12;13;29;44;50;4;5
2006-04-14;1;25 915 863 €;16;26;34;35;49;2;6
2006-04-21;0;15 000 000 €;1;20;22;37;46;1;9
2006-04-28;4;25 811 932 €;5;10;17;22;33;5;7
2006-05-05;0;15 000 000 €;4;8;14;16;50;3;9
2006-05-12;2;25 640 376 €;5;20;23;34;50;1;5
2006-05-19;1;15 000 000 €;3;5;25;34;49;5;8
2006-05-26;2;15 000 000 €;2;12;21;41;49;3;7
2006-06-02;0;15 000 000 €;7;8;27;41;48;1;6
2006-06-09;0;25 187 106 €;3;12;15;34;39;4;6
2006-06-16;0;35 662 152 €;1;16;26;30;36;3;9
2006-06-23;0;46 811 687 €;9;21;30;43;44;1;9
2006-06-30;0;58 765 947 €;6;15;16;40;43;1;2
2006-07-07;2;68 408 266 €;7;9;18;35;43;5;7
2006-07-14;0;15 000 000 €;1;7;17;31;36;2;8
2006-07-21;1;25 042 525 €;2;4;9;38;50;6;8
2006-07-28;0;15 000 000 €;3;8;12;29;43;6;7
2006-08-04;0;24 977 577 €;1;14;15;26;32;3;7
2006-08-11;0;35 197 614 €;27;28;31;46;47;2;5
2006-08-18;0;45 929 071 €;12;37;39;40;50;1;2
2006-08-25;1;57 414 511 €;10;28;40;47;48;6;8
2006-09-01;0;15 000 000 €;3;7;25;45;50;6;9
2006-09-08;0;25 256 582 €;1;10;12;32;33;1;8
2006-09-15;0;35 980 458 €;6;10;16;26;49;7;9
2006-09-22;0;47 213 250 €;10;29;30;45;49;3;8
2006-09-29;0;59 132 969 €;1;3;6;18;24;5;8
2006-10-06;0;69 208 821 €;5;11;22;35;38;7;8
2006-10-13;0;82 724 345 €;2;25;32;38;41;3;5
2006-10-20;0;96 837 646 €;10;19;34;45;47;3;6
2006-10-27;0;113 230 830 €;3;4;8;44;50;7;8
2006-11-03;0;131 523 150 €;11;13;24;44;49;3;9
2006-11-10;0;153 564 446 €;14;21;27;30;36;2;3
2006-11-17;0;183 109 057 €;12;22;32;33;36;2;6
2006-11-24;2;15 000 000 €;5;8;17;25;40;1;5
2006-12-01;0;15 000 000 €;4;8;16;37;41;2;5
2006-12-08;0;26 982 938 €;16;17;18;36;47;1;2
2006-12-15;0;39 640 847 €;9;23;35;37;42;3;7
2006-12-22;0;53 119 776 €;9;11;20;38;43;2;3
2006-12-29;0;66 983 488 €;6;9;13;14;35;3;4
2007-01-05;2;78 312 156 €;17;19;29;36;45;5;6
2007-01-12;1;15 000 000 €;8;11;14;19;25;3;5
2007-01-19;1;15 000 000 €;5;13;27;33;42;2;4
2007-01-26;0;15 000 000 €;11;15;23;30;38;4;9
2007-02-02;1;27 173 863 €;14;23;27;30;36;1;6
2007-02-09;1;100 000 000 €;14;16;30;36;46;2;8
2007-02-16;0;15 000 000 €;8;19;20;39;50;6;9
2007-02-23;0;28 224 030 €;2;15;18;20;22;2;5
2007-03-02;2;42 201 702 €;3;16;34;38;48;5;8
2007-03-09;0;15 000 000 €;2;3;25;43;48;6;9
2007-03-16;0;27 699 321 €;4;14;31;45;49;4;9
2007-03-23;1;41 023 864 €;5;13;17;40;43;1;3
2007-03-30;0;15 000 000 €;9;17;19;41;46;1;8
2007-04-06;1;26 945 909 €;15;23;29;41;48;3;6
2007-04-13;1;15 000 000 €;7;20;25;38;41;3;7
2007-04-20;0;15 000 000 €;23;26;32;41;45;3;7
2007-04-27;0;26 851 565 €;7;18;27;36;44;1;2
2007-05-04;0;39 605 256 €;6;17;35;41;45;1;5
2007-05-11;3;53 347 665 €;7;12;26;29;49;2;6
2007-05-18;1;15 000 000 €;26;34;37;39;49;2;6
2007-05-25;1;15 000 000 €;25;26;29;49;50;7;8
2007-06-01;1;15 000 000 €;6;22;37;41;42;6;9
2007-06-08;0;15 000 000 €;1;15;17;25;45;2;8
2007-06-15;1;26 938 896 €;5;7;14;21;40;3;8
2007-06-22;0;15 000 000 €;11;16;17;22;34;5;6
2007-06-29;0;26 816 658 €;8;12;28;33;45;1;3
2007-07-06;0;39 898 280 €;4;5;19;39;41;8;9
2007-07-13;1;56 945 074 €;9;13;15;31;48;3;6
2007-07-20;0;15 000 000 €;10;21;25;26;50;4;9
2007-07-27;0;27 731 341 €;1;4;21;29;41;7;8
2007-08-03;0;39 185 012 €;10;30;33;37;41;1;8
2007-08-10;1;52 630 236 €;23;40;42;43;49;2;6
2007-08-17;0;15 000 000 €;2;3;13;38;42;7;8
2007-08-24;0;26 677 818 €;1;3;16;42;48;2;3
2007-08-31;1;39 496 528 €;6;18;22;23;37;5;6
2007-09-07;1;15 000 000 €;2;3;33;34;42;3;5
2007-09-14;0;15 000 000 €;5;9;11;29;33;7;9
2007-09-21;1;27 247 062 €;1;17;32;35;37;1;8
2007-09-28;0;130 000 000 €;22;30;34;35;44;4;5
2007-10-05;5;15 000 000 €;11;20;27;35;44;2;5
2007-10-12;2;15 000 000 €;21;32;36;46;47;3;4
2007-10-19;0;15 000 000 €;7;18;34;35;40;7;8
2007-10-26;0;27 610 682 €;7;20;38;40;43;1;8
2007-11-02;1;41 136 124 €;3;16;18;19;40;1;2
2007-11-09;2;15 000 000 €;5;14;22;25;36;5;6
2007-11-16;0;15 000 000 €;9;18;23;33;37;1;8
2007-11-23;1;27 375 964 €;2;10;22;29;48;3;9
2007-11-30;0;15 000 000 €;12;19;20;30;38;7;9
2007-12-07;1;27 552 424 €;2;4;32;43;48;1;7
2007-12-14;0;15 000 000 €;8;25;30;36;44;3;4
2007-12-21;1;27 716 872 €;7;9;28;37;44;6;7
2007-12-28;0;15 000 000 €;20;21;22;31;45;7;9
2008-01-04;0;26 917 710 €;10;12;24;25;41;3;5
2008-01-11;0;40 754 255 €;8;24;36;49;50;4;8
2008-01-18;0;57 437 748 €;14;16;23;40;46;4;8
2008-01-25;1;76 611 580 €;2;6;9;19;45;7;8
2008-02-01;0;15 000 000 €;22;30;45;47;49;4;9
2008-02-08;0;130 000 000 €;17;28;30;38;44;1;4
2008-02-15;0;15 000 000 €;12;27;29;45;46;4;7
2008-02-22;1;28 912 566 €;4;27;32;46;50;8;9
2008-02-29;1;15 000 000 €;12;37;40;47;49;2;9
2008-03-07;0;15 000 000 €;2;7;14;17;35;1;6
2008-03-14;1;28 239 959 €;13;21;25;35;48;4;8
2008-03-21;1;15 000 000 €;2;10;18;22;36;4;6
2008-03-28;0;15 000 000 €;5;9;17;29;39;3;6
2008-04-04;0;28 004 694 €;11;13;18;37;47;1;6
2008-04-11;0;42 346 692 €;6;25;30;45;50;5;7
2008-04-18;1;58 367 681 €;3;6;7;27;50;5;9
2008-04-25;0;15 000 000 €;4;19;26;27;30;3;8
2008-05-02;0;27 290 983 €;2;26;37;45;48;4;8
2008-05-09;0;40 624 869 €;8;9;40;42;45;6;7
2008-05-16;1;55 609 411 €;6;9;15;25;38;4;9
2008-05-23;4;15 000 000 €;5;9;19;21;38;1;7
2008-05-30;1;15 000 000 €;5;7;14;20;49;2;8
2008-06-06;0;15 000 000 €;7;19;21;40;50;2;9
2008-06-13;0;29 947 069 €;13;16;37;44;50;1;9
2008-06-20;0;43 334 864 €;8;11;36;37;45;3;5
2008-06-27;1;58 278 337 €;5;20;26;44;50;5;7
2008-07-04;1;15 000 000 €;7;19;22;27;48;5;7
2008-07-11;1;15 000 000 €;9;11;13;19;37;3;4
2008-07-18;1;15 000 000 €;10;14;16;29;44;5;6
2008-07-25;0;15 000 000 €;7;11;15;24;29;2;7
2008-08-01;0;27 010 082 €;1;22;25;40;50;1;8
2008-08-08;0;40 358 795 €;4;5;15;16;45;4;7
2008-08-15;0;54 127 607 €;11;17;18;26;31;5;6
2008-08-22;0;70 754 953 €;7;27;29;39;50;5;7
2008-08-29;0;91 223 351 €;2;20;25;37;39;5;8
2008-09-05;2;119 349 706 €;7;12;16;17;39;3;8
2008-09-12;1;15 000 000 €;19;23;33;37;50;3;7
2008-09-19;0;15 000 000 €;14;16;19;20;31;6;9
2008-09-26;0;130 000 000 €;14;29;31;33;37;1;2
2008-10-03;0;15 000 000 €;4;13;19;23;38;2;3
2008-10-10;1;29 068 081 €;4;15;22;31;41;1;6
2008-10-17;0;15 000 000 €;3;10;12;42;50;1;5
2008-10-24;0;28 282 482 €;7;15;16;17;45;6;9
2008-10-31;2;42 831 306 €;3;18;25;34;41;2;5
2008-11-07;1;15 000 000 €;1;9;12;17;18;3;4
2008-11-14;1;15 000 000 €;8;10;14;21;26;3;4
2008-11-21;0;15 000 000 €;9;14;21;49;50;3;8
2008-11-28;1;28 044 446 €;8;11;16;25;41;2;4
2008-12-05;1;15 000 000 €;4;8;21;35;45;5;8
2008-12-12;2;15 000 000 €;2;19;28;42;49;2;7
2008-12-19;0;15 000 000 €;28;29;40;46;50;5;7
2008-12-26;0;26 758 047 €;1;2;26;44;50;1;7
2009-01-02;0;40 425 333 €;29;30;36;37;48;1;6
2009-01-09;1;57 199 762 €;7;15;22;28;48;1;4
2009-01-16;1;15 000 000 €;3;17;22;49;50;3;6
2009-01-23;0;15 000 000 €;32;33;36;40;49;2;8
2009-01-30;1;28 407 448 €;4;29;34;35;46;5;8
2009-02-06;2;15 000 000 €;10;20;30;36;40;3;5
2009-02-13;0;15 000 000 €;22;33;36;40;42;1;2
2009-02-20;0;28 117 227 €;9;12;13;14;48;1;2
2009-02-27;0;43 037 732 €;5;9;37;44;45;6;9
2009-03-06;2;100 000 000 €;13;17;19;25;35;5;6
2009-03-13;0;16 009 561 €;12;24;26;36;42;1;4
2009-03-20;2;29 717 504 €;12;16;23;31;35;4;6
2009-03-27;0;15 000 000 €;25;33;36;38;42;6;7
2009-04-03;0;28 308 420 €;2;20;24;32;46;1;9
2009-04-10;0;42 292 286 €;9;14;16;37;46;2;4
2009-04-17;0;58 530 802 €;4;7;21;44;47;1;5
2009-04-24;0;77 000 542 €;4;14;21;24;41;5;8
2009-05-01;0;98 731 551 €;5;19;31;38;47;3;5
2009-05-08;1;126 231 764 €;4;23;24;29;31;8;9
2009-05-15;1;15 000 000 €;8;18;19;20;42;5;9
2009-05-22;0;15 000 000 €;4;13;14;33;43;1;6
2009-05-29;0;28 394 418 €;2;5;30;37;47;3;6
2009-06-05;0;42 859 330 €;11;19;26;35;40;2;5
2009-06-12;2;58 861 216 €;6;14;16;34;50;4;6
2009-06-19;1;15 000 000 €;4;16;17;20;29;5;7
2009-06-26;0;15 000 000 €;6;11;21;30;39;2;8
2009-07-03;0;28 040 956 €;21;29;34;46;47;6;8
2009-07-10;0;42 207 030 €;6;16;20;42;46;1;6
2009-07-17;1;57 528 118 €;2;8;17;32;50;3;7
2009-07-24;0;15 000 000 €;14;15;25;35;47;5;9
2009-07-31;0;28 001 223 €;5;9;20;21;26;3;6
2009-08-07;0;41 938 302 €;10;20;22;24;31;2;7
2009-08-14;0;57 349 944 €;5;8;24;30;49;3;9
2009-08-21;2;75 140 660 €;4;7;16;31;42;3;5
2009-08-28;0;15 000 000 €;8;36;37;41;49;5;7
2009-09-04;0;28 509 295 €;6;9;20;38;39;3;9
2009-09-11;0;43 176 231 €;12;15;35;42;43;4;6
2009-09-18;1;100 000 000 €;6;16;30;38;41;2;4
2009-09-25;1;15 000 000 €;6;17;18;21;34;3;9
2009-10-02;0;15 000 000 €;22;23;24;29;44;1;5
2009-10-09;0;29 041 468 €;7;11;29;46;50;4;7
2009-10-16;0;44 254 660 €;12;23;30;31;47;3;4
2009-10-23;0;60 674 298 €;6;18;20;29;31;2;8
2009-10-30;0;79 524 887 €;9;33;35;38;40;2;6
2009-11-06;2;102 199 676 €;11;19;34;43;45;5;9
2009-11-13;1;16 569 317 €;13;15;25;26;32;3;4
2009-11-20;1;15 000 000 €;5;9;28;43;47;2;9
2009-11-27;0;15 000 000 €;5;8;13;15;33;8;9
2009-12-04;0;29 071 578 €;18;19;25;30;44;1;3
2009-12-11;0;43 818 510 €;20;41;43;44;46;2;9
2009-12-18;1;59 459 744 €;14;30;32;35;49;3;8
2009-12-25;0;15 000 000 €;4;5;14;17;34;3;5
2010-01-01;0;28 412 329 €;9;22;24;27;36;5;7
2010-01-08;0;42 944 229 €;4;5;14;44;46;8;9
2010-01-15;2;59 407 370 €;11;26;29;49;50;4;7
2010-01-22;0;15 000 000 €;4;22;27;36;44;7;9
2010-01-29;1;29 242 656 €;9;17;30;39;43;5;7
2010-02-05;0;100 000 000 €;34;35;38;39;46;3;4
2010-02-12;2;129 618 406 €;1;5;18;38;45;4;6
2010-02-19;0;15 000 000 €;12;31;37;38;43;2;3
2010-02-26;0;30 133 000 €;7;11;18;29;42;6;7
2010-03-05;1;46 258 004 €;12;18;19;43;49;3;9
2010-03-12;0;15 000 000 €;1;26;33;36;46;6;7
2010-03-19;0;29 152 590 €;10;28;30;38;39;2;7
2010-03-26;1;44 378 829 €;8;16;18;37;43;2;6
2010-04-02;1;15 000 000 €;12;18;24;26;45;4;5
2010-04-09;0;15 000 000 €;7;21;23;24;44;3;4
2010-04-16;0;28 888 274 €;9;11;17;26;40;3;9
2010-04-23;0;43 702 394 €;3;7;8;43;46;6;8
2010-04-30;0;60 297 781 €;6;22;24;25;36;3;8
2010-05-07;0;78 821 704 €;3;6;15;21;32;7;9
2010-05-14;1;100 037 101 €;1;17;31;43;47;2;3
2010-05-21;1;15 000 000 €;7;19;30;38;50;4;7
2010-05-28;1;15 000 000 €;4;9;31;32;33;3;7
2010-06-04;1;15 000 000 €;4;17;34;40;42;4;9
2010-06-11;1;15 000 000 €;2;22;24;36;44;1;2
2010-06-18;0;15 000 000 €;2;29;31;32;38;1;4
2010-06-25;1;27 989 077 €;1;8;18;28;31;8;9
2010-07-02;0;15 000 000 €;12;13;36;41;46;1;8
2010-07-09;0;28 051 827 €;9;24;37;39;49;3;9
2010-07-16;1;42 218 533 €;38;39;45;46;49;7;8
2010-07-23;0;15 000 000 €;4;13;35;37;46;3;9
2010-07-30;1;28 092 206 €;3;4;11;28;39;2;8
2010-08-06;1;15 000 000 €;13;25;28;29;42;4;5
2010-08-13;3;15 000 000 €;4;9;15;21;47;2;7
2010-08-20;1;15 000 000 €;5;27;31;40;42;1;6
2010-08-27;2;15 000 000 €;1;6;13;30;49;1;9
2010-09-03;1;15 000 000 €;13;24;26;47;49;4;8
2010-09-10;1;15 000 000 €;17;21;35;41;45;1;5
2010-09-17;0;15 000 000 €;17;27;29;38;50;1;3
2010-09-24;2;28 674 646 €;1;4;16;40;48;1;9
2010-10-01;0;100 000 000 €;1;4;6;27;48;1;6
2010-10-08;1;129 818 431 €;9;30;35;39;46;6;8
2010-10-15;0;15 000 000 €;2;31;36;38;43;3;7
2010-10-22;2;29 421 180 €;4;5;9;11;39;3;5
2010-10-29;0;15 000 000 €;16;20;22;32;42;8;9
2010-11-05;1;29 087 861 €;21;23;33;40;50;4;5
2010-11-12;0;16 141 034 €;7;19;23;29;47;1;6
2010-11-19;0;30 223 423 €;12;15;32;36;45;7;9
2010-11-26;1;45 322 973 €;9;28;36;41;49;5;7
2010-12-03;0;15 000 000 €;8;19;28;32;46;4;7
2010-12-10;0;28 707 820 €;2;3;10;33;46;7;8
2010-12-17;1;43 677 118 €;3;20;29;35;42;3;8
2010-12-24;1;19 106 757 €;19;36;38;42;46;2;8
2010-12-31;1;15 338 239 €;2;24;34;38;43;1;7
2011-01-07;1;15 000 000 €;1;22;32;48;50;6;7
2011-01-14;0;15 000 000 €;2;14;24;39;44;6;7
2011-01-21;2;29 004 254 €;3;11;13;18;21;4;5
2011-01-28;0;15 000 000 €;13;23;24;41;42;1;5
2011-02-04;5;28 947 730 €;2;11;24;35;47;5;9
2011-02-11;0;15 000 000 €;12;14;15;19;23;7;8
2011-02-18;0;28 569 174 €;2;3;15;45;49;5;9
2011-02-25;0;44 068 144 €;12;13;42;45;48;3;9
2011-03-04;0;61 901 148 €;11;25;27;28;41;5;8
2011-03-11;0;82 769 625 €;17;19;24;37;46;2;7
2011-03-18;0;107 470 965 €;1;13;20;26;50;6;7
2011-03-25;2;138 210 534 €;6;12;21;27;33;3;7
2011-04-01;1;15 000 000 €;4;17;21;22;33;4;8
2011-04-08;0;15 000 000 €;21;23;38;47;50;2;6
2011-04-15;0;29 316 256 €;4;6;21;39;41;2;6
2011-04-22;1;43 415 570 €;11;22;36;45;48;1;4
2011-04-29;0;15 000 000 €;15;25;38;40;41;1;2
2011-05-06;1;28 772 008 €;11;16;20;22;28;4;9
2011-05-10;0;100 000 000 €;3;10;15;28;45;5;7
2011-05-13;1;121 019 633 €;9;11;17;36;47;1;2
2011-05-17;0;15 000 000 €;20;21;37;45;46;2;3
2011-05-20;1;27 642 654 €;10;14;20;25;42;8;11
2011-05-24;0;15 000 000 €;16;23;24;26;29;2;9
2011-05-27;0;27 342 236 €;9;17;25;28;49;8;9
2011-05-31;0;33 899 735 €;1;9;10;22;50;5;11
2011-06-03;0;46 382 251 €;4;39;40;49;50;2;5
2011-06-07;0;54 804 890 €;6;25;36;38;40;4;10
2011-06-10;0;68 829 142 €;3;19;20;37;48;8;11
2011-06-14;0;77 116 731 €;5;12;19;41;48;8;10
2011-06-17;0;92 688 909 €;11;16;21;22;44;3;8
2011-06-21;0;103 328 216 €;17;20;35;49;50;3;4
2011-06-24;0;120 909 822 €;5;16;20;30;41;6;11
2011-06-28;0;134 366 394 €;15;16;30;44;50;2;3
2011-07-01;0;156 881 529 €;8;11;23;31;46;8;9
2011-07-05;0;176 715 803 €;11;28;29;47;49;1;5
2011-07-08;0;185 000 000 €;12;13;23;40;49;7;10
2011-07-12;1;185 000 000 €;17;19;38;42;45;9;10
2011-07-15;0;15 000 000 €;6;26;33;34;39;3;4
2011-07-19;1;23 148 546 €;3;16;25;26;35;5;9
2011-07-22;2;15 000 000 €;4;15;23;49;50;2;6
2011-07-26;0;15 000 000 €;1;5;22;25;48;3;11
2011-07-29;1;27 315 669 €;12;19;27;37;38;5;10
2011-08-02;0;15 000 000 €;5;8;14;24;33;3;8
2011-08-05;0;26 847 222 €;13;14;18;32;34;1;10
2011-08-09;0;34 158 168 €;7;23;24;34;36;8;11
2011-08-12;0;46 432 977 €;7;10;20;27;37;4;7
2011-08-16;0;53 726 356 €;1;13;17;18;45;3;8
2011-08-19;0;66 489 770 €;6;14;16;28;31;2;11
2011-08-23;0;74 844 027 €;4;6;14;42;50;2;4
2011-08-26;0;89 057 638 €;12;22;25;33;45;5;7
2011-08-30;0;98 519 380 €;2;8;10;19;46;5;9
2011-09-02;0;115 692 111 €;12;26;37;38;44;4;7
2011-09-06;0;127 472 057 €;35;42;47;48;50;8;9
2011-09-09;0;147 365 854 €;5;21;28;31;34;1;2
2011-09-13;1;162 256 622 €;9;28;30;32;49;9;10
2011-09-16;1;15 000 000 €;2;8;17;39;42;3;10
2011-09-20;0;15 000 000 €;9;19;25;36;38;7;11
2011-09-23;0;27 447 714 €;6;14;33;34;48;2;6
2011-09-27;0;35 496 319 €;18;27;28;35;40;3;5
2011-09-30;3;48 578 058 €;5;15;28;31;44;1;6
2011-10-04;0;100 000 000 €;14;16;23;38;45;8;11
2011-10-07;1;117 705 979 €;18;26;34;38;42;5;8
2011-10-11;0;15 000 000 €;1;4;12;16;48;9;10
2011-10-14;0;27 483 912 €;12;23;29;32;47;3;5
2011-10-18;0;35 273 363 €;18;23;37;46;48;2;10
2011-10-21;2;47 998 650 €;2;19;33;37;46;5;8
2011-10-25;0;15 000 000 €;12;22;27;28;39;4;10
2011-10-28;0;26 983 680 €;16;17;20;39;50;4;8
2011-11-01;0;33 703 338 €;14;20;23;45;46;1;11
2011-11-04;0;46 270 560 €;11;14;41;43;50;2;9
2011-11-08;0;54 417 326 €;1;4;15;29;40;1;5
2011-11-11;1;67 939 184 €;1;4;18;23;30;3;7
2011-11-15;1;15 000 000 €;6;17;22;45;47;3;11
2011-11-18;0;15 000 000 €;4;12;24;39;44;2;4
2011-11-22;0;21 897 137 €;16;18;24;38;40;2;4
2011-11-25;1;35 062 896 €;14;19;26;28;34;5;8
2011-11-29;0;15 000 000 €;11;25;41;45;50;2;7
2011-12-02;1;27 094 320 €;7;27;30;40;43;8;9
2011-12-06;0;15 000 000 €;19;20;21;34;38;3;9
2011-12-09;0;26 824 531 €;12;21;29;44;47;1;2
2011-12-13;0;34 268 472 €;7;12;18;33;37;1;11
2011-12-16;1;46 576 447 €;2;5;10;23;31;2;5
2011-12-20;0;15 000 000 €;1;9;12;14;48;1;7
2011-12-23;0;30 860 915 €;7;21;22;24;28;1;11
2011-12-27;0;38 129 375 €;19;21;25;26;44;3;7
2011-12-30;0;51 792 389 €;16;36;43;44;50;7;8
2012-01-03;0;59 857 419 €;3;30;42;45;49;5;10
2012-01-06;2;73 113 564 €;1;6;10;12;31;2;7
2012-01-10;0;15 000 000 €;4;9;10;30;40;2;9
2012-01-13;0;29 204 007 €;13;14;21;27;39;6;8
2012-01-17;0;36 496 417 €;12;22;30;31;44;5;6
2012-01-20;1;48 895 464 €;2;10;22;27;28;6;8
2012-01-24;0;15 000 000 €;1;2;6;20;36;8;11
2012-01-27;0;26 630 721 €;10;13;19;39;44;2;6
2012-01-31;0;33 767 650 €;9;34;38;43;45;2;4
2012-02-03;0;46 106 653 €;16;19;20;25;28;1;10
2012-02-07;1;54 252 968 €;3;15;17;28;33;2;4
2012-02-10;0;15 000 000 €;3;8;14;31;41;7;11
2012-02-14;0;22 361 166 €;14;27;36;42;46;8;11
2012-02-17;0;34 279 343 €;4;11;28;38;47;10;11
2012-02-21;0;41 851 240 €;11;14;24;25;29;7;11
2012-02-24;1;54 897 476 €;3;7;12;26;34;8;10
2012-02-28;0;15 000 000 €;1;10;17;33;48;2;3
2012-03-02;1;26 670 951 €;5;6;11;30;44;2;6
2012-03-06;0;15 000 000 €;23;24;27;37;47;2;6
2012-03-09;0;26 508 061 €;3;32;36;39;47;6;9
2012-03-13;0;33 798 147 €;1;10;25;43;47;8;9
2012-03-16;1;45 758 710 €;3;4;12;23;50;4;7
2012-03-20;0;15 000 000 €;15;16;28;30;46;3;4
2012-03-23;1;26 096 499 €;9;15;23;31;50;8;11
2012-03-27;1;15 000 000 €;24;27;29;34;36;7;8
2012-03-30;0;15 000 000 €;4;17;23;36;46;6;10
2012-04-03;0;21 716 352 €;1;8;18;25;30;9;10
2012-04-06;0;32 751 944 €;11;20;30;35;45;2;3
2012-04-10;0;39 523 670 €;22;25;27;36;37;5;9
2012-04-13;1;53 763 217 €;8;13;26;39;43;3;5
2012-04-17;0;15 000 000 €;10;28;33;48;49;1;10
2012-04-20;0;26 031 384 €;3;6;29;32;41;10;11
2012-04-24;0;32 867 376 €;8;9;24;43;48;3;5
2012-04-27;1;44 407 281 €;20;27;30;36;43;1;6
2012-05-01;0;15 000 000 €;4;5;15;19;41;9;11
2012-05-04;0;25 968 725 €;3;26;39;40;41;1;2
2012-05-08;0;32 541 206 €;3;21;34;38;48;5;8
2012-05-11;0;44 093 380 €;1;13;17;38;44;2;11
2012-05-15;0;51 753 790 €;2;11;13;26;50;2;5
2012-05-18;0;65 687 547 €;13;29;43;47;50;9;11
2012-05-22;0;74 848 794 €;16;31;32;37;41;1;7
2012-05-25;0;89 779 597 €;12;22;35;46;49;2;8
2012-05-29;0;101 071 615 €;8;15;17;25;28;3;11
2012-06-01;0;120 024 029 €;2;4;14;26;36;9;10
2012-06-05;0;134 974 395 €;13;34;37;47;49;8;9
2012-06-08;2;158 052 844 €;5;11;22;34;40;9;11
2012-06-12;0;15 000 000 €;8;15;26;30;48;9;10
2012-06-15;2;26 828 456 €;10;22;27;38;48;3;7
2012-06-19;1;15 000 000 €;7;17;20;35;50;5;11
2012-06-22;0;15 000 000 €;14;18;19;43;49;3;7
2012-06-26;0;21 896 089 €;1;11;20;22;35;8;10
2012-06-29;0;33 263 796 €;14;17;28;29;39;1;11
2012-07-03;0;40 811 640 €;2;7;22;27;40;3;6
2012-07-06;0;53 006 942 €;31;32;38;40;42;1;3
2012-07-10;0;61 268 725 €;1;3;16;24;37;1;8
2012-07-13;0;76 630 917 €;8;18;25;35;46;4;9
2012-07-17;0;85 954 935 €;2;7;24;43;46;8;10
2012-07-20;0;101 392 999 €;10;19;23;45;49;9;10
2012-07-24;0;112 218 632 €;4;16;18;25;44;1;11
2012-07-27;0;141 583 959 €;14;15;21;23;48;2;10
2012-07-31;0;156 962 440 €;4;29;35;36;39;8;9
2012-08-03;0;180 011 715 €;24;34;35;42;46;1;5
2012-08-07;0;190 000 000 €;20;27;34;46;50;2;3
2012-08-10;1;190 000 000 €;11;17;21;48;50;9;10
2012-08-14;0;15 000 000 €;1;16;38;42;45;9;10
2012-08-17;0;26 921 509 €;19;25;28;33;44;2;8
2012-08-21;0;34 941 089 €;4;5;17;38;48;3;4
2012-08-24;1;47 570 390 €;5;6;12;19;37;3;7
2012-08-28;0;15 000 000 €;1;18;25;26;44;4;5
2012-08-31;0;26 982 209 €;16;28;31;33;48;7;11
2012-09-04;0;34 855 964 €;11;17;18;39;44;5;10
2012-09-07;1;47 319 633 €;13;15;30;35;42;4;6
2012-09-11;0;15 000 000 €;6;15;22;37;44;2;4
2012-09-14;1;26 580 854 €;3;10;23;27;44;7;9
2012-09-18;0;15 000 000 €;6;7;38;39;44;7;9
2012-09-21;0;26 523 681 €;4;19;34;41;43;7;11
2012-09-25;0;33 985 873 €;7;25;27;48;49;1;4
2012-09-28;1;100 000 000 €;20;23;26;30;33;6;9
2012-10-02;0;15 000 000 €;4;16;21;36;42;7;8
2012-10-05;0;26 871 790 €;9;16;18;19;21;2;3
2012-10-09;0;34 447 603 €;2;8;10;23;25;8;9
2012-10-12;0;46 640 893 €;6;7;17;35;43;2;8
2012-10-16;0;54 755 945 €;10;32;40;41;49;2;8
2012-10-19;0;67 874 748 €;16;29;37;40;44;8;10
2012-10-23;0;76 874 851 €;1;28;35;38;50;2;10
2012-10-26;0;91 421 975 €;5;6;9;27;38;5;11
2012-10-30;0;102 511 027 €;23;24;25;31;44;2;3
2012-11-02;0;119 125 945 €;3;6;10;11;44;3;4
2012-11-06;0;132 672 800 €;7;20;25;35;41;1;9
2012-11-09;0;152 867 729 €;14;21;22;28;47;4;5
2012-11-13;1;169 837 010 €;11;16;21;24;29;2;6
2012-11-16;0;15 000 000 €;10;15;19;23;41;2;9
2012-11-20;1;22 756 968 €;28;30;42;45;49;5;10
2012-11-23;0;15 000 000 €;1;9;11;20;40;1;5
2012-11-27;0;22 479 773 €;6;10;23;44;49;1;7
2012-11-30;0;34 324 723 €;10;18;23;24;40;3;4
2012-12-04;0;42 363 921 €;5;10;28;29;44;2;4
2012-12-07;0;54 583 279 €;10;16;18;31;42;2;5
2012-12-11;0;63 235 218 €;1;4;9;43;50;6;8
2012-12-14;0;76 452 078 €;10;11;29;40;43;3;11
2012-12-18;0;86 060 443 €;14;18;20;35;44;2;5
2012-12-21;1;101 835 641 €;3;5;22;40;42;3;10
2012-12-25;0;15 000 000 €;14;18;20;23;32;3;10
2012-12-28;0;26 703 677 €;17;24;26;27;49;3;5
2013-01-01;3;38 032 608 €;2;7;8;36;49;1;11
2013-01-04;0;15 000 000 €;4;10;22;27;41;8;10
2013-01-08;0;22 485 855 €;2;20;22;26;47;5;9
2013-01-11;1;34 191 508 €;4;22;29;37;41;4;7
2013-01-15;0;15 000 000 €;22;38;40;42;47;1;11
2013-01-18;0;25 798 102 €;4;26;27;30;39;3;10
2013-01-22;0;32 974 711 €;1;10;44;45;48;1;4
2013-01-25;1;44 297 359 €;3;10;18;31;37;2;4
2013-01-29;2;15 000 000 €;9;16;26;36;39;2;6
2013-02-01;0;15 000 000 €;5;21;34;37;38;1;6
2013-02-05;0;21 947 416 €;6;25;31;40;45;6;7
2013-02-08;0;32 916 240 €;9;11;14;34;44;10;11
2013-02-12;0;40 241 884 €;5;11;16;25;28;7;9
2013-02-15;0;52 030 590 €;2;4;22;28;42;4;9
2013-02-19;1;60 298 933 €;12;15;28;30;44;8;9
2013-02-22;0;15 000 000 €;15;16;28;36;37;2;11
2013-02-26;0;21 860 645 €;3;12;13;17;30;2;6
2013-03-01;0;32 728 379 €;1;11;29;36;42;4;5
2013-03-05;0;40 083 119 €;8;19;31;33;39;2;7
2013-03-08;1;51 689 985 €;3;20;23;28;42;8;11
2013-03-12;1;15 000 000 €;2;4;10;22;50;5;8
2013-03-15;0;15 000 000 €;4;14;21;24;39;3;10
2013-03-19;0;21 971 382 €;19;32;35;37;44;1;9
2013-03-22;0;100 000 000 €;12;27;32;34;49;8;9
2013-03-26;0;113 430 166 €;4;26;30;42;44;6;11
2013-03-29;1;132 486 744 €;13;30;43;44;46;5;9
2013-04-02;0;15 000 000 €;12;17;25;29;41;1;4
2013-04-05;2;26 538 894 €;1;11;17;32;39;2;7
2013-04-09;0;15 000 000 €;15;35;38;44;48;5;10
2013-04-12;1;26 258 943 €;5;10;15;28;45;3;9
2013-04-16;1;15 000 000 €;1;11;22;33;50;4;6
2013-04-19;0;15 000 000 €;1;8;42;46;48;4;7
2013-04-23;0;21 743 067 €;1;4;7;10;50;4;11
2013-04-26;1;32 469 030 €;11;16;24;38;40;2;5
2013-04-30;0;15 000 000 €;13;36;40;43;50;5;9
2013-05-03;0;25 320 531 €;3;5;34;40;49;2;3
2013-05-07;0;32 317 752 €;13;27;28;42;43;4;6
2013-05-10;0;43 122 368 €;1;32;35;45;48;4;11
2013-05-14;0;51 014 670 €;7;8;24;27;36;5;11
2013-05-17;0;63 210 305 €;6;20;24;25;50;9;10
2013-05-21;0;71 706 904 €;7;8;19;28;29;5;9
2013-05-24;0;85 427 113 €;7;17;22;27;40;2;3
2013-05-28;1;95 372 874 €;8;13;26;34;38;3;11
2013-05-31;0;15 000 000 €;27;28;29;34;43;5;10
2013-06-04;0;22 292 668 €;31;33;34;37;40;1;6
2013-06-07;0;100 000 000 €;7;14;26;45;50;2;7
2013-06-11;0;112 888 839 €;5;7;9;25;41;1;5
2013-06-14;0;131 383 087 €;10;25;41;47;48;6;10
2013-06-18;0;146 642 974 €;17;24;33;41;44;1;11
2013-06-21;0;168 458 397 €;10;11;30;36;45;1;2
2013-06-25;2;187 937 614 €;4;5;13;27;35;1;2
2013-06-28;1;15 000 000 €;1;15;28;35;47;1;7
2013-07-02;0;15 000 000 €;11;13;14;28;30;4;5
2013-07-05;0;26 012 633 €;4;12;15;28;33;1;10
2013-07-09;1;33 574 531 €;16;18;31;38;49;4;10
2013-07-12;0;15 000 000 €;18;26;32;33;42;2;3
2013-07-16;1;22 078 146 €;19;23;34;47;50;4;6
2013-07-19;1;15 000 000 €;13;16;24;26;35;2;5
2013-07-23;1;15 000 000 €;14;15;16;19;44;4;5
2013-07-26;0;15 141 986 €;12;23;29;38;49;3;4
2013-07-30;0;22 036 079 €;3;4;11;14;43;1;6
2013-08-02;0;32 550 628 €;21;36;37;42;48;4;7
2013-08-06;0;39 969 189 €;16;17;31;47;49;3;11
2013-08-09;0;51 235 800 €;4;7;9;23;24;8;9
2013-08-13;0;59 358 856 €;5;17;20;47;50;1;4
2013-08-16;0;70 976 896 €;20;24;27;37;39;5;10
2013-08-20;0;80 048 874 €;5;11;42;49;50;8;11
2013-08-23;1;93 948 087 €;1;6;26;30;37;5;8
2013-08-27;0;15 000 000 €;7;30;38;40;43;2;6
2013-08-30;2;25 642 224 €;2;17;25;36;45;5;9
2013-09-03;0;15 000 000 €;5;9;16;18;42;7;9
2013-09-06;2;25 602 948 €;11;23;25;32;37;4;7
2013-09-10;0;15 000 000 €;7;11;14;28;30;2;10
2013-09-13;0;27 722 709 €;4;6;14;27;33;5;10
2013-09-17;0;34 994 367 €;13;17;21;42;44;9;11
2013-09-20;0;46 107 180 €;5;11;35;38;45;2;3
2013-09-24;0;53 875 031 €;10;20;26;28;43;9;11
2013-09-27;1;65 793 284 €;11;15;38;41;43;2;6
2013-10-01;0;15 000 000 €;19;23;25;44;48;8;9
2013-10-04;0;25 391 202 €;6;20;24;35;50;5;10
2013-10-08;0;32 466 476 €;23;24;26;33;42;3;5
2013-10-11;0;43 300 447 €;6;12;17;23;43;5;9
2013-10-15;1;50 899 071 €;18;27;39;43;47;4;7
2013-10-18;0;15 000 000 €;5;25;36;46;47;2;6
2013-10-22;0;21 557 573 €;29;33;39;41;44;9;11
2013-10-25;1;31 714 028 €;2;3;10;31;38;6;10
2013-10-29;1;15 000 000 €;9;10;30;32;37;2;6
2013-11-01;0;15 000 000 €;7;19;29;30;33;3;8
2013-11-05;1;21 594 781 €;6;12;13;35;38;2;3
2013-11-08;2;15 000 000 €;20;28;35;42;43;8;10
2013-11-12;0;15 000 000 €;14;29;37;40;48;2;11
2013-11-15;1;100 000 000 €;3;13;15;29;42;1;4
2013-11-19;0;15 000 000 €;14;15;19;36;45;1;10
2013-11-22;0;25 321 675 €;13;25;26;40;50;8;9
2013-11-26;1;32 148 861 €;19;23;27;42;44;3;5
2013-11-29;1;15 000 000 €;2;7;10;23;43;4;7
2013-12-03;0;15 000 000 €;6;13;15;29;32;2;9
2013-12-06;0;24 886 473 €;1;2;18;31;36;7;10
2013-12-10;0;31 707 067 €;6;24;35;49;50;1;7
2013-12-13;0;44 668 268 €;1;22;23;24;31;6;11
2013-12-17;0;52 406 869 €;6;8;27;37;41;7;10
2013-12-20;0;64 321 006 €;12;13;17;22;43;3;10
2013-12-24;0;74 670 405 €;5;19;31;43;50;2;6
2013-12-27;0;86 334 915 €;1;6;13;22;28;5;10
2013-12-31;0;100 878 708 €;13;20;24;29;45;3;7
2014-01-03;0;116 122 939 €;3;27;31;38;44;3;8
2014-01-07;2;130 277 772 €;2;20;27;33;45;6;10
2014-01-10;0;15 000 000 €;1;2;11;27;29;1;10
2014-01-14;0;22 323 820 €;18;20;25;26;37;10;11
2014-01-17;0;33 069 927 €;19;26;32;33;42;4;10
2014-01-21;0;40 648 762 €;4;12;35;42;48;5;8
2014-01-24;0;51 853 731 €;5;19;34;35;41;1;5
2014-01-28;0;59 913 845 €;18;20;23;42;48;2;9
2014-01-31;1;72 149 579 €;8;10;15;16;31;8;9
2014-02-04;0;15 000 000 €;1;21;33;37;38;4;8
2014-02-07;1;25 315 477 €;3;17;19;46;47;9;10
2014-02-11;0;15 000 000 €;8;17;25;41;47;1;2
2014-02-14;1;25 543 227 €;2;4;6;19;39;2;7
2014-02-18;0;15 000 000 €;23;26;36;37;49;6;7
2014-02-21;0;24 964 477 €;13;17;28;30;32;5;7
2014-02-25;0;31 885 464 €;21;25;28;35;42;4;6
2014-02-28;1;42 517 715 €;12;32;38;43;44;2;7
2014-03-04;0;15 000 000 €;3;5;22;27;44;1;6
2014-03-07;0;100 000 000 €;5;10;38;40;41;1;8
2014-03-11;0;112 224 513 €;1;4;23;33;44;7;8
2014-03-14;1;129 384 564 €;6;24;25;27;30;5;9
2014-03-18;0;15 000 000 €;8;27;34;36;39;5;10
2014-03-21;1;25 493 153 €;7;30;37;39;42;5;7
2014-03-25;0;15 000 000 €;7;20;26;28;50;2;8
2014-03-28;1;25 329 483 €;3;4;19;28;43;3;7
2014-04-01;1;15 000 000 €;16;18;26;38;44;8;10
2014-04-04;0;15 000 000 €;6;10;28;45;50;10;11
2014-04-08;0;21 651 231 €;11;18;29;42;49;4;11
2014-04-11;0;32 404 758 €;8;12;19;30;33;4;11
2014-04-15;0;39 469 425 €;3;14;26;47;50;7;11
2014-04-18;0;49 741 996 €;21;24;31;39;47;3;7
2014-04-22;0;56 813 879 €;13;15;20;24;46;1;8
2014-04-25;0;67 951 355 €;13;21;24;44;49;1;9
2014-04-29;0;76 616 042 €;18;23;26;35;44;3;11
2014-05-02;1;89 166 455 €;4;30;31;38;42;2;11
2014-05-06;0;15 000 000 €;5;19;24;31;37;1;9
2014-05-09;0;24 736 691 €;3;21;26;28;45;7;10
2014-05-13;0;31 594 762 €;4;13;30;34;47;2;6
2014-05-16;0;41 696 345 €;23;26;29;37;40;3;4
2014-05-20;0;48 745 949 €;5;33;36;38;47;4;9
2014-05-23;0;59 346 874 €;3;8;31;34;47;9;11
2014-05-27;0;67 034 874 €;7;13;16;25;26;1;6
2014-05-30;0;78 898 283 €;5;24;27;41;45;6;7
2014-06-03;0;88 945 682 €;2;15;32;39;44;5;10
2014-06-06;0;106 876 333 €;7;25;34;40;49;9;11
2014-06-10;0;118 626 756 €;12;18;21;32;33;1;11
2014-06-13;1;137 313 501 €;16;18;22;28;46;9;11
2014-06-17;0;15 000 000 €;11;13;37;40;48;8;9
2014-06-20;1;24 974 879 €;5;15;25;38;49;1;2
2014-06-24;0;15 000 000 €;1;7;20;21;48;4;7
2014-06-27;0;24 831 312 €;31;33;34;39;45;2;10
2014-07-01;0;31 752 213 €;18;22;25;27;39;5;10
2014-07-04;0;42 031 147 €;4;18;39;43;47;2;6
2014-07-08;0;49 306 200 €;8;18;22;24;27;4;11
2014-07-11;0;60 081 769 €;5;22;35;38;49;4;7
2014-07-15;1;67 902 166 €;15;18;20;27;34;1;3
2014-07-18;0;15 000 000 €;1;11;29;41;43;3;11
2014-07-22;0;21 405 298 €;1;24;43;45;50;5;8
2014-07-25;0;30 819 744 €;9;10;12;24;43;5;9
2014-07-29;1;37 632 166 €;10;23;35;40;43;3;9
2014-08-01;0;15 000 000 €;24;44;46;48;50;5;10
2014-08-05;0;21 466 842 €;5;7;19;21;42;5;11
2014-08-08;0;30 941 693 €;21;29;35;43;46;1;9
2014-08-12;0;37 783 516 €;7;16;19;22;33;2;5
2014-08-15;0;46 954 024 €;4;5;21;23;30;8;10
2014-08-19;1;54 304 297 €;4;7;11;34;47;7;8
2014-08-22;0;15 000 000 €;4;17;29;35;49;1;2
2014-08-26;0;21 332 468 €;10;22;36;45;48;4;11
2014-08-29;0;30 847 109 €;2;9;26;32;38;3;6
2014-09-02;0;37 624 288 €;5;25;31;39;45;1;8
2014-09-05;0;47 592 168 €;1;18;23;46;50;3;9
2014-09-09;0;55 073 280 €;8;15;19;24;35;8;10
2014-09-12;0;66 213 888 €;9;13;26;31;33;7;11
2014-09-16;0;74 610 475 €;4;29;30;35;50;2;4
2014-09-19;1;86 732 923 €;6;8;34;38;48;3;9
2014-09-23;0;15 000 000 €;12;13;14;29;35;1;7
2014-09-26;0;25 767 850 €;13;27;35;46;47;1;2
2014-09-30;1;32 929 188 €;3;13;15;33;42;5;7
2014-10-03;0;100 000 000 €;4;13;23;48;50;5;10
2014-10-07;0;112 118 982 €;9;21;28;30;38;1;8
2014-10-10;0;129 467 190 €;6;29;42;45;47;9;10
2014-10-14;0;143 635 162 €;4;5;15;23;32;3;7
2014-10-17;0;164 013 958 €;1;13;40;48;49;8;10
2014-10-21;0;181 778 812 €;20;21;27;33;40;3;10
2014-10-24;1;190 000 000 €;3;9;20;30;42;1;6
2014-10-28;1;15 000 000 €;10;15;17;40;45;1;2
2014-10-31;0;15 000 000 €;10;13;20;33;41;3;9
2014-11-04;0;22 206 694 €;1;6;13;17;26;3;5
2014-11-07;2;33 012 470 €;13;25;32;38;46;1;10
2014-11-11;0;15 000 000 €;2;14;21;36;46;7;11
2014-11-14;0;25 319 129 €;17;32;36;38;48;5;8
2014-11-18;0;32 415 734 €;2;3;17;36;38;4;11
2014-11-21;0;43 061 336 €;4;7;28;32;37;5;10
2014-11-25;0;51 208 489 €;3;7;25;32;36;1;6
2014-11-28;0;64 238 836 €;6;10;15;23;41;4;10
2014-12-02;1;72 971 665 €;3;15;25;44;49;1;9
2014-12-05;0;15 000 000 €;5;8;37;47;48;2;3
2014-12-09;0;21 823 076 €;1;3;31;42;46;4;11
2014-12-12;0;32 170 285 €;2;15;28;31;37;4;6
2014-12-16;1;39 580 687 €;3;7;12;13;25;5;8
2014-12-19;1;15 000 000 €;23;29;31;39;44;5;8
2014-12-23;0;15 000 000 €;8;9;19;25;49;2;10
2014-12-26;1;25 234 535 €;17;26;27;45;49;2;3
2014-12-30;1;15 000 000 €;6;18;39;44;50;8;11
2015-01-02;0;15 000 000 €;22;24;25;28;49;3;6
2015-01-06;0;21 570 078 €;14;20;30;38;49;3;4
2015-01-09;1;31 666 941 €;6;21;24;32;45;1;11
2015-01-13;0;15 000 000 €;8;17;21;31;34;9;10
2015-01-16;0;25 492 644 €;29;30;32;34;46;3;6
2015-01-20;2;32 539 304 €;15;33;41;44;47;8;10
2015-01-23;0;15 000 000 €;6;29;30;38;45;1;8
2015-01-27;1;21 715 116 €;5;10;31;33;40;8;10
2015-01-30;2;15 000 000 €;9;13;15;19;24;3;8
2015-02-03;1;15 000 000 €;17;31;33;44;50;7;11
2015-02-06;0;15 000 000 €;10;26;30;39;50;7;8
2015-02-10;0;21 653 156 €;13;17;20;30;45;9;10
2015-02-13;0;33 327 954 €;12;24;39;42;44;3;11
2015-02-17;0;40 422 821 €;2;5;18;30;43;1;10
2015-02-20;0;51 125 126 €;4;10;14;37;46;4;7
2015-02-24;0;58 852 109 €;3;25;28;34;50;1;11
2015-02-27;0;71 791 059 €;5;14;17;25;47;9;10
2015-03-03;0;81 055 085 €;6;8;11;13;21;7;8
2015-03-06;1;100 000 000 €;23;30;47;49;50;2;7
2015-03-10;0;15 000 000 €;2;6;23;30;31;2;10
2015-03-13;0;27 214 552 €;4;5;18;22;23;1;3
2015-03-17;0;33 000 000 €;11;23;26;38;44;1;8
2015-03-20;0;45 000 000 €;3;14;37;42;48;1;10
2015-03-24;0;52 905 388 €;10;24;26;39;40;3;10
2015-03-27;0;65 065 695 €;2;30;32;39;44;6;10
2015-03-31;1;73 584 056 €;8;20;24;28;49;8;9
2015-04-03;0;15 000 000 €;27;29;37;39;49;2;4
2015-04-07;1;21 449 918 €;18;25;39;44;50;5;8
2015-04-10;0;15 000 000 €;22;23;25;30;43;5;9
2015-04-14;0;21 697 826 €;24;32;34;35;49;1;2
2015-04-17;0;31 605 188 €;2;24;30;34;39;8;11
2015-04-21;0;39 055 477 €;6;14;17;42;45;1;8
2015-04-24;1;50 731 331 €;5;19;29;31;40;3;10
2015-04-28;0;15 000 000 €;24;26;28;36;45;7;10
2015-05-01;0;23 963 701 €;3;19;20;25;26;6;10
2015-05-05;0;30 744 734 €;1;10;17;20;42;8;9
2015-05-08;0;40 655 810 €;7;14;19;47;49;3;10
2015-05-12;1;47 879 234 €;14;29;30;40;46;3;6
2015-05-15;0;15 000 000 €;5;35;42;44;47;8;9
2015-05-19;0;21 489 111 €;26;30;31;35;37;8;11
2015-05-22;0;31 141 927 €;18;24;35;44;45;5;11
2015-05-26;1;37 682 171 €;5;6;7;21;24;5;6
2015-05-29;0;15 000 000 €;3;4;20;45;48;6;8
2015-06-02;0;21 811 079 €;7;23;29;37;41;1;8
2015-06-05;0;100 000 000 €;2;7;8;45;48;1;9
2015-06-09;0;112 140 115 €;5;9;17;32;34;6;8
2015-06-12;1;129 204 405 €;5;8;10;11;37;7;9
2015-06-16;0;15 000 000 €;10;15;16;36;37;3;9
2015-06-19;1;24 835 107 €;7;14;20;31;42;3;9
2015-06-23;0;15 000 000 €;4;16;22;38;49;6;9
2015-06-26;1;25 263 266 €;3;6;10;19;24;5;7
2015-06-30;0;15 000 000 €;11;15;28;34;37;1;8
2015-07-03;0;24 398 282 €;11;12;15;18;44;3;9
2015-07-07;0;31 077 433 €;6;7;18;33;41;3;10
2015-07-10;1;40 998 254 €;5;8;15;35;41;4;5
2015-07-14;0;15 000 000 €;6;18;19;34;36;1;8
2015-07-17;0;24 215 184 €;1;21;22;43;48;7;9
2015-07-21;0;30 754 406 €;14;20;27;29;44;7;10
2015-07-24;1;40 468 528 €;2;9;21;35;46;2;11
2015-07-28;0;15 000 000 €;23;32;36;43;49;7;8
2015-07-31;1;24 939 216 €;16;21;34;40;50;6;9
2015-08-04;0;15 000 000 €;10;15;39;45;50;9;10
2015-08-07;0;24 090 340 €;1;5;21;39;44;4;11
2015-08-11;0;30 648 924 €;2;3;8;15;16;4;11
2015-08-14;1;40 297 743 €;4;7;39;44;45;3;5
2015-08-18;0;15 000 000 €;7;10;11;12;19;2;9
2015-08-21;0;23 986 424 €;4;16;18;43;47;6;10
2015-08-25;1;30 507 122 €;27;31;33;42;50;2;5
2015-08-28;1;15 000 000 €;11;29;30;31;34;4;7
2015-09-01;0;15 000 000 €;6;19;21;27;45;1;8
2015-09-04;0;24 335 146 €;8;9;27;45;50;8;10
2015-09-08;1;30 904 640 €;14;16;39;40;42;1;4
2015-09-11;0;15 000 000 €;10;18;19;29;50;1;9
2015-09-15;0;21 398 749 €;8;15;17;44;49;5;8
2015-09-18;0;30 788 012 €;7;29;33;34;39;7;8
2015-09-22;0;37 424 463 €;14;23;26;27;29;7;10
2015-09-25;1;47 772 431 €;13;14;23;30;37;2;8
2015-09-29;1;15 000 000 €;11;14;26;29;49;3;9
2015-10-02;1;15 000 000 €;7;18;21;32;35;2;11
2015-10-06;0;15 000 000 €;11;20;22;29;32;1;8
2015-10-09;0;24 386 729 €;1;40;42;43;47;9;11
2015-10-13;2;30 878 428 €;12;15;26;29;47;3;11
2015-10-16;0;15 000 000 €;7;28;29;43;48;3;10
2015-10-20;0;21 280 290 €;17;19;21;30;45;8;10
2015-10-23;0;30 630 412 €;7;25;30;32;39;2;8
2015-10-27;0;37 252 483 €;11;12;20;25;36;6;9
2015-10-30;0;47 542 339 €;8;13;17;21;34;6;7
2015-11-03;0;55 033 448 €;8;27;39;46;49;2;6
2015-11-06;0;100 000 000 €;3;17;26;38;40;4;10
2015-11-10;0;111 997 290 €;6;13;18;39;43;2;8
2015-11-13;0;130 868 296 €;10;17;18;33;40;2;8
2015-11-17;0;144 587 700 €;6;7;23;37;38;10;11
2015-11-20;1;163 553 041 €;4;30;34;46;49;7;8
2015-11-24;0;15 000 000 €;9;14;16;17;26;10;11
2015-11-27;0;26 179 692 €;16;29;30;37;50;6;8
2015-12-01;0;33 518 353 €;2;15;25;35;45;8;10
2015-12-04;0;44 266 153 €;8;17;18;27;39;1;7
2015-12-08;0;51 436 264 €;12;17;29;38;48;9;11
2015-12-11;0;62 650 170 €;3;5;21;40;43;6;11
2015-12-15;0;71 034 372 €;8;11;23;27;35;4;11
2015-12-18;1;83 228 800 €;6;22;26;29;48;5;6
2015-12-22;0;15 000 000 €;18;19;20;40;41;7;10
2015-12-25;0;24 895 055 €;3;10;25;27;40;3;9
2015-12-29;0;32 342 225 €;5;20;31;32;36;6;7
2016-01-01;0;42 094 520 €;4;37;38;39;44;4;7
2016-01-05;0;49 900 228 €;6;10;31;36;39;6;10
2016-01-08;0;61 385 482 €;5;26;33;35;40;3;8
2016-01-12;0;69 720 920 €;1;2;10;30;44;1;8
2016-01-15;0;81 942 693 €;10;19;38;43;46;1;11
2016-01-19;0;91 076 034 €;2;30;38;43;46;2;7
2016-01-22;0;104 897 313 €;10;12;27;30;47;8;9
2016-01-26;0;116 044 888 €;15;24;38;40;48;2;9
2016-01-29;2;132 376 632 €;1;5;23;29;32;1;7
2016-02-02;1;15 000 000 €;6;9;10;21;36;2;6
2016-02-05;0;15 000 000 €;3;27;32;41;46;4;8
2016-02-09;0;21 863 824 €;6;9;13;28;37;4;5
2016-02-12;1;32 002 496 €;3;20;28;31;49;2;5
2016-02-16;0;15 000 000 €;3;10;22;37;50;6;10
2016-02-19;0;24 499 669 €;13;14;30;32;39;3;9
2016-02-23;1;31 340 088 €;23;25;32;37;42;1;11
2016-02-26;1;15 000 000 €;5;13;15;33;50;9;11
2016-03-01;0;15 000 000 €;4;7;13;28;37;10;11
2016-03-04;0;25 106 903 €;9;14;16;23;40;1;5
2016-03-08;0;32 079 575 €;1;8;9;14;23;1;7
2016-03-11;0;42 155 766 €;1;21;26;40;43;6;9
2016-03-15;0;49 339 787 €;5;7;10;34;44;2;10
2016-03-18;1;59 687 034 €;14;19;21;24;49;5;11
2016-03-22;0;15 000 000 €;12;15;26;42;49;5;8
2016-03-25;0;24 008 507 €;12;19;36;42;43;5;8
2016-03-29;0;30 177 602 €;1;4;19;25;36;3;11
2016-04-01;0;39 814 046 €;2;16;23;25;49;6;9
2016-04-05;0;46 881 020 €;3;5;9;19;40;2;5
2016-04-08;0;57 250 091 €;6;8;26;43;49;6;10
2016-04-12;1;65 001 096 €;1;5;9;22;38;2;10
2016-04-15;0;15 000 000 €;13;14;32;37;48;1;7
2016-04-19;0;21 367 277 €;11;14;15;27;44;2;7
2016-04-22;0;30 597 280 €;17;26;32;34;43;2;10
2016-04-26;0;37 322 168 €;10;17;31;32;42;2;5
2016-04-29;0;47 533 440 €;4;5;25;28;43;6;11
2016-05-03;0;54 692 521 €;8;23;24;34;38;3;7
2016-05-06;0;64 875 525 €;32;34;40;45;48;1;10
2016-05-10;1;73 002 277 €;2;26;27;40;49;5;10
2016-05-13;0;15 000 000 €;7;15;28;31;42;10;11
2016-05-17;0;21 222 202 €;15;27;32;36;39;3;10
2016-05-20;0;30 459 055 €;9;14;30;41;45;4;9
2016-05-24;0;37 111 646 €;16;17;23;34;37;6;9
2016-05-27;0;47 024 763 €;13;25;27;43;46;4;8
2016-05-31;0;54 237 617 €;6;12;26;30;48;6;7
2016-06-03;0;64 670 541 €;7;23;31;33;39;6;10
2016-06-07;0;73 037 327 €;19;26;35;45;49;2;5
2016-06-10;1;85 076 371 €;14;21;35;42;43;7;9
2016-06-14;0;15 000 000 €;13;34;39;42;50;9;11
2016-06-17;0;23 930 261 €;1;7;18;27;43;4;8
2016-06-21;0;30 372 881 €;5;17;32;35;49;1;5
2016-06-24;1;39 675 953 €;11;19;27;28;39;3;10
2016-06-28;0;15 000 000 €;26;32;37;43;49;4;5
2016-07-01;1;23 845 060 €;2;11;13;40;50;1;10
2016-07-05;0;15 000 000 €;1;10;29;38;48;3;4
2016-07-08;0;23 725 445 €;8;12;18;33;44;4;8
2016-07-12;0;30 023 216 €;3;7;26;33;41;2;10
2016-07-15;0;38 892 370 €;2;11;13;14;21;1;8
2016-07-19;0;45 336 960 €;19;24;28;36;37;3;6
2016-07-22;0;54 603 405 €;7;24;26;37;45;5;9
2016-07-26;0;61 762 146 €;3;10;13;45;49;2;11
2016-07-29;1;72 413 419 €;1;21;26;40;50;2;4
2016-08-02;0;15 000 000 €;2;8;27;38;46;2;6
2016-08-05;0;23 739 151 €;16;19;24;35;37;2;7
2016-08-09;0;30 094 448 €;12;19;43;44;45;5;10
2016-08-12;0;39 134 895 €;2;15;28;36;50;2;11
2016-08-16;0;45 434 119 €;2;26;34;37;46;4;8
2016-08-19;1;54 894 441 €;5;6;22;25;34;5;7
2016-08-23;0;15 000 000 €;2;23;31;37;45;4;8
2016-08-26;0;23 748 325 €;1;9;28;30;48;7;8
2016-08-30;0;30 018 586 €;13;16;29;35;42;6;8
2016-09-02;5;39 204 300 €;8;16;32;40;50;2;11
2016-09-06;0;15 000 000 €;12;24;30;34;45;7;10
2016-09-09;0;23 906 431 €;4;11;15;17;28;1;3
2016-09-13;0;30 386 703 €;4;7;16;35;44;1;3
2016-09-16;1;39 758 892 €;5;8;14;22;32;2;11
2016-09-20;0;15 000 000 €;1;4;10;41;45;6;9
2016-09-23;1;23 850 387 €;14;16;39;42;49;3;9
2016-09-27;0;17 000 000 €;6;9;13;39;41;2;12
2016-09-30;0;130 000 000 €;17;35;37;43;44;2;10
2016-10-04;0;140 796 507 €;4;7;14;34;38;4;11
2016-10-07;0;160 262 012 €;2;12;20;27;30;9;11
2016-10-11;1;168 085 323 €;5;12;20;24;37;4;11
2016-10-14;0;17 000 000 €;7;13;19;31;34;1;11
2016-10-18;0;26 452 819 €;2;17;21;25;27;6;9
2016-10-21;0;39 871 819 €;9;20;23;44;48;8;10
2016-10-25;1;50 108 729 €;3;15;20;21;28;1;5
2016-10-28;1;17 375 733 €;10;16;19;23;43;2;8
2016-11-01;0;17 000 000 €;6;10;20;29;37;1;9
2016-11-04;0;30 088 611 €;7;11;12;44;48;3;7
2016-11-08;1;39 336 342 €;5;9;47;49;50;8;9
2016-11-11;0;17 000 000 €;3;22;23;38;49;2;9
2016-11-15;0;25 643 917 €;7;15;36;42;48;3;7
2016-11-18;0;36 226 400 €;3;12;27;32;47;6;8
2016-11-22;0;44 606 876 €;5;10;33;34;47;2;10
2016-11-25;2;61 141 778 €;5;11;17;23;28;10;11
2016-11-29;0;17 000 000 €;21;26;27;28;38;9;11
2016-12-02;1;29 377 167 €;6;11;23;31;32;2;12
2016-12-06;0;17 000 000 €;1;7;11;27;45;4;9
2016-12-09;0;29 101 354 €;6;12;28;37;40;1;5
2016-12-13;0;38 164 327 €;14;28;29;48;50;2;8
2016-12-16;0;51 365 465 €;6;10;30;41;45;4;11
2016-12-20;1;61 653 352 €;13;15;17;21;27;2;3
2016-12-23;0;17 000 000 €;4;16;20;39;46;2;5
2016-12-27;1;25 251 858 €;3;22;25;32;39;7;12
2016-12-30;0;17 000 000 €;8;10;22;29;47;1;3
2017-01-03;0;25 000 000 €;19;23;27;34;49;1;11
2017-01-06;0;37 000 000 €;10;14;18;21;49;9;11
2017-01-10;0;45 000 000 €;2;11;29;35;44;4;9
2017-01-13;0;61 000 000 €;3;7;16;26;50;4;7
2017-01-17;0;71 000 000 €;4;16;25;43;47;2;10
2017-01-20;0;80 000 000 €;10;17;27;31;49;3;5
2017-01-24;1;88 587 275 €;1;5;7;17;23;3;8
2017-01-27;0;17 000 000 €;17;20;28;45;48;5;9
2017-01-31;1;25 880 509 €;3;4;17;23;44;6;9
2017-02-03;0;17 000 000 €;3;4;15;46;50;5;9
2017-02-07;0;25 000 000 €;4;10;31;38;44;8;10
2017-02-10;0;37 000 000 €;7;21;26;35;43;2;9
2017-02-14;2;47 141 418 €;2;10;24;40;44;3;10
2017-02-17;1;17 000 000 €;19;25;33;36;48;2;9
2017-02-21;0;17 000 000 €;13;19;41;45;49;3;4
2017-02-24;0;28 811 185 €;2;4;13;22;43;8;9
2017-02-28;0;37 350 466 €;10;20;31;35;42;2;12
2017-03-03;0;50 129 163 €;2;11;29;30;47;1;12
2017-03-07;0;59 887 734 €;6;37;41;48;50;4;5
2017-03-10;0;73 878 559 €;31;36;38;47;49;8;11
2017-03-14;1;80 571 199 €;3;5;21;36;44;3;6
2017-03-17;0;17 000 000 €;6;10;19;29;36;3;9
2017-03-21;0;25 165 272 €;1;20;23;44;47;4;11
2017-03-24;0;36 870 612 €;2;17;21;27;34;5;9
2017-03-28;0;45 620 296 €;9;13;31;33;46;6;10
2017-03-31;0;58 432 786 €;17;24;26;28;45;4;12
2017-04-04;0;68 205 610 €;1;9;24;33;34;2;6
2017-04-07;0;76 652 440 €;2;10;19;35;50;6;7
2017-04-11;1;83 397 527 €;5;21;22;31;49;2;8
2017-04-14;0;17 000 000 €;4;14;20;23;33;6;10
2017-04-18;0;24 655 351 €;17;22;31;38;45;5;12
2017-04-21;0;36 047 524 €;2;13;16;22;49;4;5
2017-04-25;0;44 628 597 €;9;11;19;32;43;3;9
2017-04-28;0;57 367 996 €;14;20;25;30;39;2;8
2017-05-02;0;66 014 926 €;6;19;23;25;27;11;12
2017-05-05;0;74 483 969 €;3;7;30;35;43;1;3
2017-05-09;0;81 075 588 €;8;12;16;22;26;6;7
2017-05-12;0;90 507 121 €;2;20;28;29;44;3;9
2017-05-16;0;98 136 932 €;8;11;15;20;30;3;8
2017-05-19;0;109 192 064 €;9;11;12;19;30;4;9
2017-05-23;0;118 337 309 €;8;15;25;27;42;1;4
2017-05-26;0;130 028 601 €;5;7;26;36;39;2;10
2017-05-30;0;139 962 742 €;7;12;27;38;48;6;9
2017-06-02;1;153 873 716 €;8;10;24;33;42;3;9
2017-06-06;0;17 000 000 €;20;22;25;37;40;3;7
2017-06-09;0;29 190 553 €;9;20;27;39;43;10;11
2017-06-13;0;38 110 538 €;3;12;22;27;49;4;11
2017-06-16;0;50 405 630 €;15;17;38;41;42;9;12
2017-06-20;0;59 644 334 €;11;18;26;43;44;8;10
2017-06-23;0;72 762 689 €;3;4;21;31;38;3;7
2017-06-27;0;79 203 977 €;9;17;21;28;45;1;3
2017-06-30;1;100 000 000 €;17;35;39;47;50;6;8
2017-07-04;0;17 000 000 €;10;22;25;37;49;5;8
2017-07-07;1;28 975 630 €;11;20;35;37;45;3;6
2017-07-11;1;17 000 000 €;14;22;26;42;50;8;10
2017-07-14;0;17 000 000 €;11;14;20;21;47;7;10
2017-07-18;0;25 104 936 €;1;25;27;41;45;5;7
2017-07-21;0;36 567 350 €;1;8;9;26;49;5;9
2017-07-25;0;45 205 505 €;12;14;43;44;48;2;11
2017-07-28;1;57 871 110 €;5;9;29;31;41;2;4
2017-08-01;0;17 000 000 €;14;21;24;29;30;8;10
2017-08-04;0;28 246 597 €;29;30;36;40;41;2;9
2017-08-08;1;36 563 144 €;15;25;26;40;41;4;5
2017-08-11;0;17 000 000 €;18;28;39;46;48;5;12
2017-08-15;0;24 238 049 €;10;14;30;35;46;4;10
2017-08-18;0;35 595 611 €;2;24;39;42;45;2;8
2017-08-22;1;44 105 265 €;3;10;12;17;27;3;5
2017-08-25;1;17 000 000 €;1;5;7;15;47;9;12
2017-08-29;0;17 000 000 €;4;12;15;32;38;1;5
2017-09-01;1;28 287 321 €;3;7;8;14;49;5;8
2017-09-05;0;17 000 000 €;6;9;18;28;29;1;9
2017-09-08;0;28 504 963 €;9;24;42;47;49;1;5
2017-09-12;0;37 430 146 €;10;17;27;29;35;4;11
2017-09-15;0;130 000 000 €;13;18;37;44;49;9;12
2017-09-19;0;139 531 728 €;1;8;21;30;45;2;3
2017-09-22;0;152 701 511 €;6;11;31;39;42;1;3
2017-09-26;0;163 620 566 €;1;29;40;41;48;6;12
2017-09-29;0;178 941 892 €;7;18;19;32;48;3;7
2017-10-03;0;190 000 000 €;6;24;32;48;50;1;5
2017-10-06;1;190 000 000 €;1;9;15;19;25;1;7
2017-10-10;0;17 000 000 €;4;21;34;36;37;3;6
2017-10-13;0;33 140 111 €;23;29;37;45;50;5;11
2017-10-17;0;42 395 360 €;13;17;19;26;36;2;3
2017-10-20;0;55 649 983 €;4;17;23;27;30;3;8
2017-10-24;1;65 407 072 €;9;11;13;27;33;7;10
2017-10-27;1;17 000 000 €;3;16;23;32;39;1;4
2017-10-31;0;17 000 000 €;1;12;36;43;46;3;5
2017-11-03;1;28 709 464 €;5;12;17;33;41;4;9
2017-11-07;0;17 000 000 €;7;19;20;37;41;2;12
2017-11-10;0;29 800 638 €;13;22;29;36;37;1;9
2017-11-14;0;38 477 171 €;14;16;39;40;41;8;10
2017-11-17;0;51 634 094 €;20;26;35;36;42;5;12
2017-11-21;0;61 046 362 €;2;10;14;28;31;5;7
2017-11-24;0;74 515 266 €;19;24;28;30;50;3;10
2017-11-28;0;80 976 656 €;1;6;12;18;42;2;7
2017-12-01;0;90 060 314 €;5;24;29;35;46;11;12
2017-12-05;0;97 420 825 €;11;36;43;44;48;2;7
2017-12-08;0;107 213 099 €;4;22;30;32;34;3;4
2017-12-12;0;115 458 908 €;20;37;39;44;50;4;8
2017-12-15;0;126 429 055 €;25;30;31;42;50;2;11
2017-12-19;1;135 346 147 €;8;15;30;38;46;4;7
2017-12-22;0;17 000 000 €;5;24;30;31;43;3;6
2017-12-26;0;24 717 288 €;4;17;30;43;44;2;10
2017-12-29;1;38 906 715 €;4;8;22;23;48;1;12
2018-01-02;0;17 000 000 €;10;20;21;28;48;1;8
2018-01-05;0;28 911 186 €;2;5;20;38;41;4;8
2018-01-09;0;37 933 940 €;6;12;15;38;49;2;9
2018-01-12;0;51 154 443 €;13;21;23;30;45;4;6
2018-01-16;0;61 162 041 €;20;23;31;34;46;3;12
2018-01-19;0;75 062 595 €;3;8;17;44;50;2;7
2018-01-23;0;81 794 527 €;5;8;9;23;24;7;8
2018-01-26;0;91 021 687 €;6;15;24;28;48;4;9
2018-01-30;0;98 248 326 €;11;15;21;27;35;4;5
2018-02-02;0;108 738 581 €;14;34;36;39;48;2;3
2018-02-06;0;117 593 590 €;8;17;28;34;38;6;12
2018-02-09;0;129 291 731 €;22;31;36;38;44;1;11
2018-02-13;0;138 421 493 €;10;13;17;21;44;1;10
2018-02-16;0;150 559 073 €;10;12;23;32;50;4;10
2018-02-20;0;161 121 640 €;6;14;19;25;29;5;11
2018-02-23;2;177 724 496 €;10;17;18;28;47;3;7
2018-02-27;0;17 000 000 €;3;31;41;48;50;8;11
2018-03-02;0;29 164 811 €;2;7;34;45;48;1;12
2018-03-06;0;38 461 489 €;15;20;26;31;44;2;9
2018-03-09;0;51 518 629 €;9;14;21;32;44;1;12
2018-03-13;1;61 521 581 €;9;11;13;33;49;6;12
2018-03-16;0;17 000 000 €;4;17;24;27;31;10;11
2018-03-20;0;25 434 576 €;26;29;37;39;44;9;11
2018-03-23;0;37 457 698 €;5;7;11;46;50;8;11
2018-03-27;0;46 327 391 €;17;20;23;40;46;9;10
2018-03-30;0;58 701 125 €;12;17;28;35;47;7;11
2018-04-03;0;67 723 106 €;3;8;16;40;43;5;8
2018-04-06;1;76 119 641 €;1;29;33;45;47;4;8
2018-04-10;1;17 000 000 €;14;27;39;46;48;11;12
2018-04-13;0;17 000 000 €;5;25;34;48;50;6;7
2018-04-17;0;25 723 280 €;15;27;33;39;50;4;6
2018-04-20;0;130 000 000 €;3;16;25;39;44;7;11
2018-04-24;1;138 724 202 €;20;23;28;30;44;3;7
2018-04-27;0;17 000 000 €;12;24;40;41;46;5;12
2018-05-01;0;24 728 362 €;6;15;17;42;48;4;6
2018-05-04;0;36 945 285 €;6;12;23;39;45;9;12
2018-05-08;1;45 566 998 €;17;25;35;39;44;2;5
2018-05-11;0;17 000 000 €;3;22;34;49;50;8;11
2018-05-15;0;25 146 151 €;4;16;20;31;39;2;12
2018-05-18;0;36 663 314 €;5;8;10;13;31;3;6
2018-05-22;0;44 872 308 €;1;11;37;41;48;8;12
2018-05-25;0;57 140 617 €;13;15;16;28;41;4;5
2018-05-29;0;66 136 267 €;6;11;20;38;43;2;4
2018-06-01;2;74 290 358 €;17;18;24;29;40;4;5
2018-06-05;1;17 000 000 €;9;15;22;39;46;4;5
2018-06-08;1;17 000 000 €;8;19;32;43;46;2;8
2018-06-12;0;17 000 000 €;7;21;23;36;38;6;8
2018-06-15;0;28 072 727 €;23;26;33;38;49;1;12
2018-06-19;1;36 158 964 €;7;19;26;42;50;4;9
2018-06-22;0;17 000 000 €;14;25;39;41;44;2;8
2018-06-26;0;24 657 714 €;15;16;20;34;50;4;7
2018-06-29;0;35 759 659 €;15;21;23;40;48;3;12
2018-07-03;0;44 211 419 €;1;12;15;29;48;3;5
2018-07-06;0;56 241 097 €;8;30;33;38;48;2;10
2018-07-10;1;65 538 512 €;3;8;26;33;45;7;10
2018-07-13;1;17 000 000 €;1;4;14;21;49;2;12
2018-07-17;0;17 000 000 €;4;6;27;48;50;1;11
2018-07-20;0;27 914 266 €;2;15;40;43;46;3;6
2018-07-24;0;35 993 507 €;2;4;23;39;40;3;9
2018-07-27;0;47 636 023 €;11;17;22;23;41;6;11
2018-07-31;0;56 774 958 €;20;25;34;42;45;6;11
2018-08-03;0;69 369 394 €;7;26;36;38;43;6;12
2018-08-07;0;75 479 227 €;16;28;29;30;36;8;10
2018-08-10;0;83 831 487 €;18;20;36;43;44;3;9
2018-08-14;0;90 786 197 €;1;15;18;25;31;9;11
2018-08-17;0;99 896 146 €;2;15;18;24;43;8;12
2018-08-21;1;107 839 228 €;16;23;42;43;49;10;12
2018-08-24;0;17 000 000 €;3;14;31;36;50;1;12
2018-08-28;0;25 031 511 €;4;16;32;42;46;8;12
2018-08-31;0;36 535 987 €;4;30;31;38;42;4;6
2018-09-04;1;45 447 459 €;5;14;28;30;47;4;11
2018-09-07;0;17 000 000 €;4;23;27;31;50;1;8
2018-09-11;0;25 114 954 €;9;18;32;38;46;2;3
2018-09-14;0;36 785 881 €;1;3;33;40;45;3;4
2018-09-18;0;45 748 295 €;3;8;10;32;45;4;12
2018-09-21;0;130 000 000 €;5;7;21;25;37;3;4
2018-09-25;0;139 272 150 €;6;15;20;30;38;4;7
2018-09-28;0;151 876 472 €;2;4;8;27;50;2;9
2018-10-02;1;162 403 002 €;7;17;29;37;45;3;11
2018-10-05;1;17 000 000 €;8;16;24;26;35;3;11
2018-10-09;0;17 000 000 €;3;12;36;44;45;8;11
2018-10-12;0;28 511 487 €;4;9;12;31;43;5;8
2018-10-16;0;37 140 191 €;15;28;37;40;42;1;6
2018-10-19;0;49 434 483 €;1;3;29;47;48;3;12
2018-10-23;0;58 925 021 €;1;2;5;21;32;2;12
2018-10-26;0;72 210 652 €;5;18;21;31;35;6;9
2018-10-30;0;78 587 093 €;17;23;27;43;44;1;12
2018-11-02;1;87 021 202 €;5;15;17;37;44;7;11
2018-11-06;0;17 000 000 €;14;24;36;40;43;2;9
2018-11-09;0;29 387 682 €;14;17;32;37;49;11;12
2018-11-13;0;38 112 925 €;2;7;10;13;42;3;6
2018-11-16;1;50 340 148 €;9;10;13;28;41;1;12
2018-11-20;0;17 000 000 €;6;19;39;45;48;7;12
2018-11-23;0;28 078 913 €;5;8;25;26;30;3;10
2018-11-27;0;36 531 328 €;4;16;17;18;32;2;11
2018-11-30;0;48 850 310 €;3;10;12;23;26;1;12
2018-12-04;0;58 045 709 €;19;20;21;42;45;8;9
2018-12-07;0;70 885 902 €;11;17;26;37;48;1;10
2018-12-11;0;77 047 465 €;4;7;13;23;42;1;3
2018-12-14;0;85 503 050 €;12;29;38;42;44;2;12
2018-12-18;0;92 347 677 €;1;9;18;39;48;5;7
2018-12-21;0;102 382 992 €;2;12;15;34;50;3;4
2018-12-25;0;109 785 346 €;4;5;8;31;43;2;9
2018-12-28;0;120 363 454 €;13;16;34;35;45;10;12
2019-01-01;1;129 645 665 €;1;8;11;25;28;4;6
2019-01-04;0;17 000 000 €;7;11;19;27;37;6;10
2019-01-08;0;25 825 451 €;3;19;22;31;32;2;11
2019-01-11;0;38 040 648 €;1;19;31;39;48;1;6
2019-01-15;0;47 436 060 €;22;25;29;33;35;3;6
2019-01-18;0;60 264 632 €;5;6;16;30;46;5;10
2019-01-22;0;70 256 484 €;9;23;29;41;49;8;10
2019-01-25;0;78 799 794 €;1;6;13;15;16;6;10
2019-01-29;0;85 646 002 €;14;24;26;32;39;3;8
2019-02-01;0;120 000 000 €;3;21;26;41;46;1;6
2019-02-05;0;129 262 876 €;14;25;31;37;43;2;3
2019-02-08;0;141 607 621 €;11;12;13;39;46;7;10
2019-02-12;0;151 629 098 €;6;34;36;41;50;1;5
2019-02-15;0;164 624 365 €;15;27;34;38;49;2;10
2019-02-19;1;175 475 380 €;1;8;18;19;39;7;9
2019-02-22;0;17 000 000 €;3;27;29;33;50;3;7
2019-02-26;0;25 879 457 €;3;15;29;35;47;3;4
2019-03-01;0;40 737 694 €;6;9;19;26;31;11;12
2019-03-05;0;50 394 785 €;6;10;16;39;46;8;11
2019-03-08;0;63 920 702 €;17;18;19;24;40;4;8
2019-03-12;0;74 349 024 €;5;7;13;19;31;2;9
2019-03-15;1;83 410 540 €;3;15;24;42;46;9;12
2019-03-19;0;17 000 000 €;1;6;9;34;47;7;12
2019-03-22;0;28 719 145 €;4;17;26;30;43;6;11
2019-03-26;0;37 479 115 €;12;19;23;43;47;2;6
2019-03-29;0;49 918 767 €;13;23;26;32;47;6;10
2019-04-02;0;59 503 555 €;2;9;16;26;36;6;7
2019-04-05;0;72 846 386 €;1;7;10;29;45;3;5
2019-04-09;1;79 149 373 €;18;21;29;38;41;1;11
2019-04-12;0;17 000 000 €;1;28;35;36;46;6;9
2019-04-16;0;25 270 377 €;1;8;15;44;49;2;11
2019-04-19;0;36 104 655 €;7;8;32;41;49;5;11
2019-04-23;1;44 153 561 €;18;23;27;42;44;2;7
2019-04-26;0;17 000 000 €;14;33;35;47;50;9;11
2019-04-30;1;25 326 022 €;5;12;20;26;48;2;11
2019-05-03;0;17 000 000 €;2;9;20;27;43;5;6
2019-05-07;1;25 024 461 €;7;20;26;32;47;2;11
2019-05-10;0;17 000 000 €;1;4;27;45;48;1;7
2019-05-14;0;24 956 872 €;10;14;17;25;50;2;10
2019-05-17;0;36 088 260 €;16;28;42;43;45;6;7
2019-05-21;0;44 599 323 €;32;33;34;39;47;8;12
2019-05-24;0;56 397 248 €;5;16;23;30;49;6;7
2019-05-28;2;65 353 668 €;7;19;20;28;29;1;5
2019-05-31;0;17 000 000 €;1;23;24;26;35;1;11
2019-06-04;0;25 380 126 €;9;31;32;39;41;2;8
2019-06-07;0;130 000 000 €;1;4;16;20;34;2;5
2019-06-11;1;138 716 863 €;25;27;39;42;46;11;12
2019-06-14;0;17 000 000 €;1;13;30;31;39;2;7
2019-06-18;0;25 307 673 €;12;24;37;40;44;3;7
2019-06-21;0;36 686 125 €;5;8;9;25;39;3;7
2019-06-25;0;45 289 917 €;6;26;27;34;46;1;9
2019-06-28;0;57 532 742 €;1;3;16;33;49;2;11
2019-07-02;0;67 120 223 €;11;19;29;44;45;8;12
2019-07-05;0;75 229 368 €;2;9;20;34;42;6;9
2019-07-09;0;81 747 157 €;7;29;32;36;41;6;7
2019-07-12;0;90 471 737 €;2;31;39;45;47;4;8
2019-07-16;0;97 518 039 €;3;5;13;18;39;7;8
2019-07-19;1;107 683 454 €;13;14;17;26;28;2;7
2019-07-23;0;17 000 000 €;1;14;19;23;38;3;7
2019-07-26;0;27 844 950 €;2;5;27;37;42;3;10
2019-07-30;0;36 345 090 €;15;20;23;27;40;3;6
2019-08-02;0;48 088 964 €;13;22;33;44;50;2;5
2019-08-06;0;57 394 563 €;12;13;29;36;38;4;12
2019-08-09;0;70 120 308 €;2;14;35;41;42;10;11
2019-08-13;0;76 458 286 €;13;29;31;33;40;2;3
2019-08-16;0;84 510 207 €;9;10;27;37;42;1;5
2019-08-20;0;91 270 047 €;20;22;23;24;37;1;4
2019-08-23;0;100 840 609 €;4;17;35;42;45;2;8
2019-08-27;0;108 433 046 €;8;26;35;43;47;1;9
2019-08-30;0;119 176 433 €;25;27;45;46;49;4;6
2019-09-03;0;128 170 100 €;7;11;38;39;44;7;10
2019-09-06;0;139 970 283 €;10;13;22;40;48;2;5
2019-09-10;0;149 857 027 €;3;22;25;30;49;3;6
2019-09-13;0;164 055 006 €;1;12;27;42;47;6;7
2019-09-17;0;175 143 429 €;22;37;43;44;45;1;12
2019-09-20;0;189 603 734 €;8;21;25;38;50;4;8
2019-09-24;0;190 000 000 €;2;33;42;47;48;1;2
2019-09-27;0;190 000 000 €;24;37;41;43;46;2;8
2019-10-01;0;190 000 000 €;2;11;18;40;46;1;4
2019-10-04;0;190 000 000 €;6;9;35;41;44;6;9
2019-10-08;1;190 000 000 €;7;10;15;44;49;3;12
2019-10-11;0;17 000 000 €;2;14;19;42;45;5;6
2019-10-15;0;26 357 631 €;3;28;31;32;34;4;5
2019-10-18;0;38 860 931 €;8;18;22;41;42;11;12
2019-10-22;0;48 515 733 €;2;5;32;33;47;7;8
2019-10-25;0;61 669 532 €;34;37;39;40;50;4;10
2019-10-29;0;72 065 538 €;16;18;28;42;49;5;10
2019-11-01;0;80 266 472 €;2;20;39;44;48;5;7
2019-11-05;0;87 082 433 €;9;14;25;33;48;2;12
2019-11-08;0;97 372 165 €;8;17;20;23;45;2;8
2019-11-12;0;104 800 336 €;1;21;23;25;39;2;4
2019-11-15;0;114 675 404 €;3;13;20;32;34;4;11
2019-11-19;1;122 766 852 €;8;10;15;30;42;4;6
2019-11-22;0;17 000 000 €;3;21;32;34;48;3;11
2019-11-26;0;25 884 845 €;2;3;15;19;34;5;8
2019-11-29;0;38 399 547 €;3;7;12;42;50;6;8
2019-12-03;1;48 061 132 €;18;31;32;38;48;4;12
2019-12-06;0;17 000 000 €;1;3;27;39;46;1;10
2019-12-10;0;25 800 035 €;2;10;19;21;47;2;8
2019-12-13;0;39 409 788 €;9;16;18;23;32;2;10
2019-12-17;1;48 949 099 €;1;7;12;25;49;6;9
2019-12-20;0;17 000 000 €;8;24;30;32;34;3;4
2019-12-24;0;27 481 033 €;3;11;13;14;47;3;6
2019-12-27;0;38 682 870 €;1;7;22;26;35;5;10
2019-12-31;0;52 720 345 €;26;31;33;41;48;2;4
2020-01-03;0;64 992 459 €;5;15;20;36;47;8;12
2020-01-07;0;75 337 663 €;5;8;12;37;43;6;11
2020-01-10;0;84 145 912 €;6;17;32;44;46;2;6
2020-01-14;0;91 228 644 €;21;25;29;39;44;8;9
2020-01-17;1;100 779 289 €;8;19;20;29;44;3;8
2020-01-21;0;17 000 000 €;10;11;24;36;46;3;5
2020-01-24;1;28 601 720 €;3;4;6;9;24;5;8
2020-01-28;0;17 000 000 €;1;19;27;31;38;4;5
2020-01-31;0;28 934 315 €;13;18;20;23;30;2;4
2020-02-04;0;40 857 417 €;21;23;33;35;47;6;7
2020-02-07;1;130 000 000 €;9;15;17;25;40;3;9
2020-02-11;1;17 000 000 €;24;26;32;43;46;6;10
2020-02-14;0;17 000 000 €;5;20;35;41;49;6;10
2020-02-18;0;27 039 366 €;11;32;34;38;47;2;10
2020-02-21;0;41 085 850 €;7;23;30;32;45;5;9
2020-02-25;0;51 940 006 €;1;4;18;27;42;4;6
2020-02-28;1;67 084 644 €;8;11;20;22;23;3;4
2020-03-03;0;17 000 000 €;4;14;27;44;45;1;10
2020-03-06;0;30 399 605 €;15;38;43;45;46;1;11
2020-03-10;0;40 555 593 €;11;23;30;37;43;5;12
2020-03-13;0;55 850 379 €;3;11;21;27;36;9;10
2020-03-17;1;63 600 033 €;5;7;8;16;20;2;12
2020-03-20;1;17 000 000 €;3;9;20;34;40;6;12
2020-03-24;0;17 000 000 €;7;12;26;30;33;10;11
2020-03-27;0;24 704 307 €;11;14;27;41;46;2;3
2020-03-31;0;30 777 246 €;12;17;24;30;36;1;9
2020-04-03;0;39 141 320 €;16;19;34;46;50;2;6
2020-04-07;0;45 796 215 €;4;5;14;33;48;7;12
2020-04-10;0;53 434 751 €;3;10;17;33;39;1;4
2020-04-14;0;59 184 725 €;6;29;34;35;40;4;11
2020-04-17;1;67 188 313 €;16;28;32;37;45;1;11
2020-04-21;0;17 000 000 €;10;11;14;23;28;6;8
2020-04-24;0;25 497 940 €;1;5;19;21;28;4;7
2020-04-28;0;32 299 012 €;15;23;26;28;32;1;5
2020-05-01;0;41 201 741 €;19;20;38;45;47;2;6
2020-05-05;0;48 838 406 €;2;10;22;27;41;2;3
2020-05-08;0;57 015 368 €;8;25;32;33;38;7;9
2020-05-12;0;63 861 474 €;9;16;29;37;39;4;11
2020-05-15;1;72 969 058 €;11;23;32;34;39;1;6
2020-05-19;0;17 000 000 €;5;25;32;37;43;6;7
2020-05-22;0;28 245 446 €;3;18;22;27;32;2;7
2020-05-26;2;37 143 480 €;4;9;14;21;27;4;6
2020-05-29;1;17 000 000 €;4;8;11;19;46;4;8
2020-06-02;0;17 000 000 €;10;12;22;26;49;7;11
2020-06-05;0;29 131 137 €;5;11;17;24;37;3;6
2020-06-09;0;38 666 415 €;5;15;27;36;46;2;8
2020-06-12;1;51 583 717 €;2;24;39;45;46;4;8
2020-06-16;0;17 000 000 €;4;9;11;17;39;2;10
2020-06-19;0;29 065 639 €;5;14;19;24;43;3;11
2020-06-23;0;38 429 546 €;2;12;19;46;49;1;8
2020-06-26;0;51 471 751 €;1;10;12;21;26;5;11
2020-06-30;0;62 297 693 €;1;6;11;28;42;2;10
2020-07-03;0;130 000 000 €;4;16;27;37;39;3;6
2020-07-07;1;144 542 315 €;12;16;23;33;41;8;10
2020-07-10;0;17 000 000 €;15;17;23;30;38;2;7
2020-07-14;0;26 440 749 €;11;22;30;37;47;9;10
2020-07-17;0;39 348 808 €;7;15;27;41;43;7;9
2020-07-21;1;49 564 587 €;14;15;24;29;42;2;4
2020-07-24;0;17 000 000 €;8;9;27;28;50;4;12
2020-07-28;0;26 261 754 €;9;13;15;17;34;2;7
2020-07-31;0;38 953 665 €;21;24;30;46;49;2;5
2020-08-04;0;49 112 673 €;1;2;5;15;42;5;8
2020-08-07;0;64 058 391 €;5;20;21;36;41;6;11
2020-08-11;0;73 494 414 €;8;13;14;42;50;3;9
2020-08-14;0;86 162 555 €;9;10;19;42;49;4;12
2020-08-18;0;96 747 721 €;6;12;17;34;42;5;12
2020-08-21;0;111 858 946 €;10;15;35;44;50;3;5
2020-08-25;0;125 020 060 €;7;18;30;37;39;8;10
2020-08-28;0;142 306 851 €;7;12;16;17;31;7;9
2020-09-01;1;157 170 843 €;4;8;10;33;46;8;11
2020-09-04;0;17 000 000 €;6;22;29;40;43;4;7
2020-09-08;0;27 031 840 €;2;9;31;35;41;9;12
2020-09-11;0;40 532 810 €;34;38;42;43;45;9;12
2020-09-15;0;51 364 535 €;16;20;25;30;38;6;8
2020-09-18;0;67 276 035 €;2;10;19;25;45;1;7
2020-09-22;0;77 251 357 €;16;25;28;39;40;1;6
2020-09-25;1;130 000 000 €;19;23;34;37;45;1;7
2020-09-29;0;17 000 000 €;4;14;16;41;44;11;12
2020-10-02;1;30 627 859 €;6;12;15;40;45;3;9
2020-10-06;0;17 000 000 €;4;21;36;41;47;9;11
2020-10-09;0;30 301 316 €;11;15;35;41;50;5;8
2020-10-13;0;40 315 607 €;5;14;38;41;46;1;10
2020-10-16;0;54 453 448 €;15;33;38;40;50;3;6
2020-10-20;0;65 338 543 €;5;6;15;37;42;3;4
2020-10-23;0;77 965 255 €;10;15;19;21;23;3;12
2020-10-27;1;87 757 466 €;13;15;28;32;44;3;12
2020-10-30;0;17 000 000 €;12;16;20;21;28;3;9
2020-11-03;0;26 511 570 €;5;7;18;20;30;6;7
2020-11-06;0;39 829 739 €;7;12;37;40;50;1;2
2020-11-10;0;50 553 655 €;3;19;29;32;38;5;12
2020-11-13;0;67 599 950 €;1;5;17;28;31;1;10
2020-11-17;0;77 412 811 €;16;19;25;30;44;2;6
2020-11-20;0;130 000 000 €;28;29;39;48;50;5;7
2020-11-24;0;144 228 546 €;25;33;38;42;50;8;12
2020-11-27;0;163 105 527 €;2;5;8;14;16;8;9
2020-12-01;0;178 983 729 €;14;20;29;47;49;4;12
2020-12-04;0;200 000 000 €;14;20;27;34;38;1;11
2020-12-08;0;200 000 000 €;1;4;21;24;46;2;12
2020-12-11;1;200 000 000 €;6;9;13;24;41;3;12
2020-12-15;0;17 000 000 €;9;13;21;29;35;1;2
2020-12-18;0;31 733 127 €;2;3;13;17;21;7;8
2020-12-22;1;43 704 037 €;2;10;16;42;50;4;11
2020-12-25;0;17 000 000 €;16;21;27;30;32;3;5
2020-12-29;0;28 138 113 €;7;32;39;40;45;3;8
2021-01-01;1;44 958 140 €;16;28;32;44;48;1;9
2021-01-05;0;17 000 000 €;12;34;37;38;42;1;3
2021-01-08;0;30 824 040 €;18;23;37;41;42;4;6
2021-01-12;0;41 607 178 €;2;10;18;34;35;6;9
2021-01-15;0;56 331 898 €;4;10;27;38;40;3;11
2021-01-19;0;67 733 808 €;25;27;31;35;43;5;6
2021-01-22;1;80 566 353 €;8;16;42;44;47;6;7
2021-01-26;0;17 000 000 €;5;7;25;37;40;2;8
2021-01-29;0;30 681 161 €;1;5;27;36;42;1;6
2021-02-02;0;41 721 143 €;18;20;35;38;48;9;12
2021-02-05;0;130 000 000 €;12;19;37;44;45;2;6
2021-02-09;0;145 042 671 €;5;10;24;31;37;9;10
2021-02-12;0;164 677 184 €;7;23;30;32;36;8;12
2021-02-16;0;180 847 515 €;5;9;25;29;30;6;7
2021-02-19;0;206 564 757 €;4;12;25;46;48;7;12
2021-02-23;0;210 000 000 €;9;18;30;39;45;1;3
2021-02-26;1;210 000 000 €;6;12;22;29;33;6;11
2021-03-02;0;17 000 000 €;2;19;24;26;49;6;7
2021-03-05;0;32 402 008 €;4;5;39;46;48;7;10
2021-03-09;0;44 153 103 €;1;16;21;32;33;11;12
2021-03-12;0;60 764 885 €;4;6;9;11;44;10;11
2021-03-16;0;73 410 604 €;23;25;32;35;47;2;6
2021-03-19;0;87 587 639 €;3;9;35;43;44;1;10
2021-03-23;0;99 009 615 €;2;26;29;36;49;3;9
2021-03-26;0;115 321 837 €;10;12;37;49;50;3;8
2021-03-30;0;128 213 947 €;24;27;28;29;42;4;8
2021-04-02;1;144 755 907 €;4;21;34;40;47;2;5
2021-04-06;0;17 000 000 €;2;21;37;38;50;7;8
2021-04-09;0;31 216 341 €;2;8;32;35;44;8;11
2021-04-13;0;42 155 143 €;16;20;31;47;50;2;8
2021-04-16;0;56 913 174 €;6;11;29;40;48;5;9
2021-04-20;1;68 414 615 €;5;17;28;41;46;10;11
2021-04-23;0;17 000 000 €;3;14;15;19;29;2;8
2021-04-27;0;27 232 271 €;13;14;24;35;49;1;10
2021-04-30;0;43 409 687 €;1;16;24;28;46;2;11
2021-05-04;0;54 222 329 €;3;10;13;28;46;4;11
2021-05-07;1;69 463 976 €;14;22;33;38;47;8;9
2021-05-11;0;17 000 000 €;14;25;34;43;46;5;6
2021-05-14;0;30 241 215 €;6;16;18;29;38;6;11
2021-05-18;0;40 625 089 €;5;13;38;39;40;4;12
2021-05-21;0;54 934 280 €;2;9;13;15;35;3;10
2021-05-25;0;65 838 496 €;1;21;26;30;38;2;8
2021-05-28;0;78 620 802 €;11;13;16;34;40;1;12
2021-06-01;0;88 760 288 €;3;10;26;35;44;6;7
2021-06-04;1;130 000 000 €;7;20;36;40;46;2;4
2021-06-08;0;17 000 000 €;2;11;26;36;47;7;9
2021-06-11;1;30 382 655 €;9;17;21;33;39;7;11
2021-06-15;0;17 000 000 €;11;21;26;30;31;2;3
2021-06-18;0;29 998 047 €;11;20;27;30;41;3;5
2021-06-22;0;39 918 304 €;6;24;26;27;41;3;8
2021-06-25;0;53 683 594 €;1;29;30;33;36;3;12
2021-06-29;0;64 340 127 €;6;12;20;24;48;5;6
2021-07-02;1;77 959 528 €;9;14;29;38;49;7;10
2021-07-06;1;17 000 000 €;2;5;21;27;42;9;11
2021-07-09;0;17 000 000 €;6;19;36;37;49;4;11
2021-07-13;1;26 482 986 €;5;6;8;11;22;3;4
2021-07-16;0;17 000 000 €;5;16;42;47;49;3;11
2021-07-20;0;26 211 196 €;3;12;19;41;48;6;9
2021-07-23;0;38 825 770 €;23;24;26;34;50;2;4
2021-07-27;0;48 844 837 €;5;9;19;21;25;10;12
2021-07-30;0;62 793 085 €;10;23;33;35;37;5;10
2021-08-03;0;72 123 753 €;17;21;23;45;46;7;11
2021-08-06;0;84 880 433 €;7;14;21;26;32;4;12
2021-08-10;0;95 302 087 €;9;37;47;48;49;2;7
2021-08-13;1;113 156 128 €;6;12;44;47;49;8;12
2021-08-17;0;17 000 000 €;12;31;41;42;47;4;6
2021-08-20;0;29 593 864 €;3;9;19;20;23;9;11
2021-08-24;0;39 413 483 €;19;21;36;44;50;3;10
2021-08-27;0;53 070 091 €;2;3;31;46;50;8;12
2021-08-31;3;63 644 286 €;5;13;17;32;43;2;10
2021-09-03;0;17 000 000 €;5;7;13;29;35;3;7
2021-09-07;1;26 572 332 €;7;19;35;42;43;7;9
2021-09-10;0;17 000 000 €;1;6;7;18;28;2;8
2021-09-14;0;26 452 496 €;12;18;35;38;45;2;8
2021-09-17;0;39 791 600 €;5;7;8;10;34;1;9
2021-09-21;0;50 323 000 €;20;25;26;30;38;2;8
2021-09-24;0;130 000 000 €;2;12;20;27;41;10;12
2021-09-28;0;144 513 199 €;6;7;12;33;39;1;7
2021-10-01;0;164 139 268 €;1;15;19;26;48;6;12
2021-10-05;0;180 775 500 €;11;13;14;36;45;7;9
2021-10-08;0;204 959 523 €;1;10;23;42;46;3;5
2021-10-12;0;220 000 000 €;6;13;22;45;49;10;11
2021-10-15;1;220 000 000 €;21;26;31;34;49;2;5
2021-10-19;0;17 000 000 €;4;20;36;40;41;1;6
2021-10-22;0;30 765 413 €;12;17;22;33;39;2;12
2021-10-26;0;41 218 951 €;12;15;20;42;44;1;2
2021-10-29;0;56 130 474 €;10;15;28;32;49;3;9
2021-11-02;0;67 114 273 €;2;3;17;29;43;1;4
2021-11-05;0;80 098 420 €;2;12;25;30;41;8;11
2021-11-09;0;90 574 742 €;17;25;26;33;36;1;8
2021-11-12;0;104 804 310 €;2;9;15;47;50;6;9
2021-11-16;0;116 414 664 €;9;19;21;32;36;3;4
2021-11-19;0;132 310 193 €;22;26;38;47;50;2;6
2021-11-23;0;145 091 098 €;17;21;36;42;46;7;10
2021-11-26;1;162 289 050 €;1;20;41;42;50;3;7
2021-11-30;0;17 000 000 €;19;20;26;33;43;1;4
2021-12-03;0;130 000 000 €;21;22;29;32;46;9;10
2021-12-07;1;143 469 842 €;22;31;38;46;47;7;11
2021-12-10;0;17 000 000 €;11;21;33;38;42;2;8
2021-12-14;0;27 297 367 €;19;21;37;47;48;3;6
2021-12-17;0;41 402 488 €;1;2;15;30;35;2;7
2021-12-21;0;52 678 478 €;12;17;21;34;38;2;3
2021-12-24;0;69 443 074 €;2;26;28;34;41;5;10
2021-12-28;1;79 411 191 €;4;6;15;17;29;9;12
2021-12-31;1;17 571 602 €;7;22;25;43;49;6;7
2022-01-04;0;17 000 000 €;18;28;35;36;41;6;11
2022-01-07;0;30 434 021 €;2;14;37;44;50;7;11
2022-01-11;0;41 198 749 €;4;23;32;33;44;9;12
2022-01-14;0;55 802 638 €;6;17;25;31;46;9;12
2022-01-18;1;67 441 797 €;3;12;19;24;30;2;5
2022-01-21;0;26 158 375 €;5;14;35;36;39;7;12
2022-01-25;0;36 602 485 €;6;16;18;39;47;2;4
2022-01-28;0;51 355 483 €;10;25;29;34;45;9;10
2022-02-01;0;62 918 725 €;1;19;36;38;49;6;9
2022-02-04;1;130 000 000 €;3;25;38;43;49;3;7
2022-02-08;0;17 000 000 €;6;20;34;37;43;7;10
2022-02-11;1;30 928 078 €;13;18;38;42;45;7;11
2022-02-15;0;17 000 000 €;9;20;31;33;44;2;12
2022-02-18;0;30 386 297 €;25;38;41;43;50;6;10
2022-02-22;0;40 960 814 €;5;9;14;26;32;3;7
2022-02-25;0;55 111 352 €;10;13;24;30;42;1;5
2022-03-01;0;65 887 876 €;8;24;26;39;42;3;5
2022-03-04;1;78 587 957 €;6;20;40;42;43;10;12
2022-03-08;0;17 000 000 €;12;18;21;25;31;2;9
2022-03-11;0;30 105 266 €;12;19;22;23;48;2;6
2022-03-15;0;40 030 704 €;1;2;12;19;26;2;8
2022-03-18;2;53 651 194 €;1;9;14;17;43;6;12
2022-03-22;0;17 000 000 €;7;17;21;29;40;8;11
2022-03-25;0;30 608 285 €;6;10;24;27;29;5;12
2022-03-29;0;40 310 864 €;8;11;33;42;43;6;11
2022-04-01;0;54 338 154 €;2;7;21;31;45;4;10
2022-04-05;0;64 950 730 €;1;11;13;24;49;5;6
2022-04-08;0;77 113 731 €;1;15;16;38;45;4;11
2022-04-12;0;86 707 525 €;21;30;31;35;47;2;10
2022-04-15;0;99 284 232 €;6;24;30;32;48;5;6
2022-04-19;0;109 726 011 €;2;12;17;28;46;6;10
2022-04-22;0;125 443 189 €;6;11;21;35;36;1;9
2022-04-26;0;138 997 634 €;4;25;28;34;45;8;11
2022-04-29;0;158 670 926 €;10;11;20;36;37;3;7
2022-05-03;0;174 025 283 €;8;20;26;47;48;3;8
2022-05-06;0;195 426 739 €;3;8;18;24;40;3;11
2022-05-10;1;215 840 341 €;3;25;27;28;29;4;9
2022-05-13;0;17 000 000 €;3;11;17;45;48;4;8
2022-05-17;0;26 854 990 €;5;28;30;48;49;5;11
2022-05-20;0;40 361 205 €;8;22;23;32;50;3;9
2022-05-24;1;50 656 220 €;10;13;27;36;37;2;10
2022-05-27;0;17 000 000 €;15;23;28;34;48;3;5
2022-05-31;0;26 862 123 €;3;10;13;42;49;3;9
2022-06-03;0;40 193 759 €;12;28;29;34;48;9;11
2022-06-07;0;50 425 091 €;6;16;17;25;31;2;6
2022-06-10;1;64 382 899 €;17;26;36;37;40;9;12
2022-06-14;0;17 000 000 €;2;7;27;34;40;3;11
2022-06-17;0;130 000 000 €;19;21;22;31;38;7;11
2022-06-21;0;143 671 414 €;6;23;36;39;47;8;10
2022-06-24;0;161 066 308 €;10;17;28;44;50;8;12
2022-06-28;0;175 942 220 €;10;35;42;47;48;2;11
2022-07-01;0;196 414 962 €;6;18;24;34;46;3;12
2022-07-05;0;215 357 108 €;7;10;25;45;48;3;6
2022-07-08;0;230 000 000 €;28;31;35;43;46;4;7
2022-07-12;0;230 000 000 €;14;18;24;25;50;6;11
2022-07-15;0;230 000 000 €;9;17;29;38;39;7;10
2022-07-19;1;230 000 000 €;6;23;27;40;41;2;12
2022-07-22;0;17 000 000 €;16;18;29;32;50;4;11
2022-07-26;0;27 478 522 €;3;5;17;25;27;1;9
2022-07-29;1;41 717 625 €;3;23;38;43;48;3;8
2022-08-02;0;17 000 000 €;7;18;28;40;48;8;11
2022-08-05;0;30 356 111 €;3;29;33;35;44;8;10
2022-08-09;0;40 859 540 €;18;19;21;27;47;5;11
2022-08-12;0;54 932 236 €;14;17;34;35;42;6;10
2022-08-16;0;65 542 062 €;10;14;25;32;39;7;8
2022-08-19;0;77 782 771 €;2;9;13;19;38;2;6
2022-08-23;0;87 739 478 €;19;26;31;39;48;2;3
2022-08-26;0;101 607 332 €;22;23;25;38;44;11;12
2022-08-30;0;112 909 220 €;4;6;10;15;19;1;4
2022-09-02;1;128 491 607 €;7;12;13;20;45;3;12
2022-09-06;0;17 000 000 €;7;10;22;29;44;4;5
2022-09-09;0;130 000 000 €;17;23;24;26;27;4;9
2022-09-13;0;143 363 071 €;9;12;15;40;47;1;11
2022-09-16;0;160 585 356 €;10;27;36;45;49;3;4
2022-09-20;0;174 393 432 €;11;21;23;32;48;3;12
2022-09-23;1;193 007 524 €;14;15;22;35;48;3;8
2022-09-27;0;17 000 000 €;4;20;21;34;44;1;3
2022-09-30;0;30 779 317 €;1;2;11;16;26;3;12
2022-10-04;0;41 404 202 €;3;18;28;42;43;3;12
2022-10-07;0;55 925 603 €;26;27;42;45;50;1;12
2022-10-11;0;67 271 821 €;8;23;32;35;40;1;8
2022-10-14;0;79 886 870 €;24;28;29;34;48;3;7
2022-10-18;0;89 872 400 €;3;5;13;42;48;1;6
2022-10-21;0;103 645 225 €;25;26;28;38;40;1;6
2022-10-25;0;115 163 196 €;7;24;34;39;46;1;6
2022-10-28;0;130 427 867 €;14;16;21;28;35;1;11
2022-11-01;0;142 364 827 €;19;37;42;47;48;1;6
2022-11-04;1;160 788 895 €;2;11;37;45;47;2;3
2022-11-08;0;17 000 000 €;3;5;32;33;50;1;8
2022-11-11;0;30 268 879 €;2;19;24;25;44;2;10
2022-11-15;0;40 593 927 €;13;21;24;31;33;1;12
2022-11-18;0;54 718 416 €;13;16;19;35;41;1;11
2022-11-22;0;65 446 418 €;21;22;24;29;42;3;11
2022-11-25;0;77 861 913 €;19;21;35;37;39;2;6
2022-11-29;0;87 748 883 €;15;20;24;35;38;8;12
2022-12-02;0;130 000 000 €;12;21;35;39;45;6;11
2022-12-06;1;142 897 164 €;12;20;25;26;27;8;12
2022-12-09;0;17 000 000 €;8;27;31;46;50;1;3
2022-12-13;0;27 040 539 €;3;9;12;26;30;10;11
2022-12-16;0;40 613 995 €;2;15;19;35;44;2;7
2022-12-20;1;51 605 931 €;1;11;17;20;27;4;5
2022-12-23;0;17 000 000 €;16;17;23;26;35;5;11
2022-12-27;1;26 956 990 €;19;31;33;34;43;3;5
2022-12-30;0;17 000 000 €;17;34;42;47;48;1;9
2023-01-03;0;26 981 449 €;20;21;29;45;46;3;10
2023-01-06;0;40 092 766 €;16;31;35;44;45;4;12
2023-01-10;0;51 358 215 €;11;13;34;40;42;3;10
2023-01-13;1;68 825 114 €;4;13;25;33;37;5;10
2023-01-17;0;17 000 000 €;18;21;30;46;50;2;6
2023-01-20;0;30 055 348 €;3;6;13;40;42;7;11
2023-01-24;0;40 135 672 €;11;27;41;43;47;7;11
2023-01-27;0;54 426 134 €;8;9;15;19;31;10;12
2023-01-31;1;66 081 021 €;7;12;19;33;43;3;7
2023-02-03;0;26 903 914 €;2;14;17;32;45;3;10
2023-02-07;0;37 368 401 €;2;8;34;44;47;3;9
2023-02-10;0;51 805 568 €;3;13;25;36;47;3;8
2023-02-14;0;63 133 766 €;24;26;38;43;46;2;3
2023-02-17;0;78 038 271 €;8;23;27;42;45;1;9
2023-02-21;0;87 872 368 €;21;22;34;41;49;2;7
2023-02-24;1;102 242 065 €;7;23;34;42;48;1;3
2023-02-28;0;17 000 000 €;12;29;33;37;47;5;10
2023-03-03;0;130 000 000 €;3;6;8;24;50;10;11
2023-03-07;1;144 966 361 €;11;13;24;35;50;6;11
2023-03-10;0;17 000 000 €;9;16;37;38;48;2;7
2023-03-14;0;27 135 288 €;16;26;28;31;46;11;12
2023-03-17;0;40 979 052 €;5;15;26;37;49;8;11
2023-03-21;0;51 752 818 €;1;9;20;29;32;2;3
2023-03-24;1;66 287 741 €;5;12;25;36;46;6;10
2023-03-28;0;17 000 000 €;16;21;34;36;44;9;10
2023-03-31;0;30 291 562 €;16;18;28;34;47;5;10
2023-04-04;0;40 419 101 €;10;16;31;33;50;3;8
2023-04-07;0;53 926 196 €;5;26;28;36;46;6;12
2023-04-11;0;64 268 424 €;10;14;16;19;29;2;10
2023-04-14;0;76 614 030 €;4;11;37;44;49;6;7
2023-04-18;0;86 295 887 €;17;21;23;35;37;10;11
2023-04-21;0;101 652 719 €;7;8;18;33;42;2;8
2023-04-25;0;113 203 135 €;10;29;30;40;45;1;12
2023-04-28;0;129 017 022 €;11;13;16;23;34;1;10
2023-05-02;0;141 358 073 €;7;32;44;47;48;7;8
2023-05-05;3;159 123 225 €;3;8;18;34;49;3;7
2023-05-09;0;17 000 000 €;13;17;21;28;46;7;9
2023-05-12;0;30 501 494 €;9;10;13;39;44;4;6
2023-05-16;0;40 834 212 €;4;6;9;14;37;4;11
2023-05-19;0;54 581 705 €;18;27;34;41;49;3;9
2023-05-23;0;65 331 075 €;5;6;14;23;34;2;11
2023-05-26;0;77 603 769 €;15;25;37;38;41;1;7
2023-05-30;0;87 066 382 €;27;29;32;33;47;2;8
2023-06-02;1;130 000 000 €;3;12;15;25;43;10;11
2023-06-06;0;17 000 000 €;13;21;32;39;50;2;10
2023-06-09;0;29 999 077 €;18;26;36;41;50;11;12
2023-06-13;0;39 998 137 €;15;16;21;41;50;5;6
2023-06-16;0;53 695 272 €;7;26;34;41;44;9;11
2023-06-20;1;64 343 648 €;11;17;28;32;35;5;6
2023-06-23;0;17 000 000 €;1;3;11;33;46;10;11
2023-06-27;0;26 366 576 €;17;22;23;27;44;1;7
2023-06-30;0;39 350 951 €;1;6;25;29;36;7;10
2023-07-04;0;49 799 831 €;14;17;23;36;44;2;8
2023-07-07;0;63 819 633 €;2;11;12;19;38;4;8
2023-07-11;2;73 242 322 €;2;11;28;42;48;4;9
2023-07-14;0;17 000 000 €;5;8;29;35;48;5;6
2023-07-18;0;26 319 523 €;4;12;34;35;45;1;9
2023-07-21;0;38 938 247 €;7;31;33;35;36;7;10
2023-07-25;0;48 942 250 €;5;7;11;27;37;6;12
2023-07-28;0;62 712 326 €;7;32;33;34;38;6;9
2023-08-01;1;72 144 196 €;25;27;35;40;45;7;11
2023-08-04;0;17 000 000 €;15;20;31;44;48;1;3
2023-08-08;0;26 419 369 €;8;9;33;35;40;3;6
2023-08-11;0;39 046 910 €;4;6;10;13;34;3;5
2023-08-15;0;48 439 436 €;3;5;9;32;43;6;10
2023-08-18;0;61 993 456 €;23;25;30;44;47;9;12
2023-08-22;0;71 241 834 €;2;9;23;32;40;6;7
2023-08-25;0;83 895 709 €;16;17;34;35;44;5;10
2023-08-29;0;94 132 132 €;21;23;32;40;49;8;11
2023-09-01;1;109 268 140 €;4;5;35;37;43;5;6
2023-09-05;0;17 000 000 €;1;7;24;41;48;10;12
2023-09-08;0;29 856 760 €;10;20;21;26;33;3;4
2023-09-12;0;39 749 427 €;5;14;36;40;42;2;11
2023-09-15;2;54 951 738 €;12;14;21;45;48;8;11
2023-09-19;0;17 000 000 €;10;15;31;41;42;2;5
2023-09-22;0;30 052 281 €;3;23;24;34;35;5;8
2023-09-26;0;40 110 282 €;2;6;14;19;23;5;7
2023-09-29;1;130 000 000 €;9;11;13;21;32;2;7
2023-10-03;0;17 000 000 €;6;20;22;24;45;4;5
2023-10-06;0;30 163 856 €;21;29;31;34;43;2;9
2023-10-10;0;40 033 037 €;18;20;22;33;43;3;9
2023-10-13;0;56 657 304 €;21;26;28;40;41;2;4
2023-10-17;1;67 318 140 €;10;17;20;35;40;3;4
2023-10-20;0;17 000 000 €;2;20;28;40;45;1;5
2023-10-24;1;26 274 769 €;8;16;18;31;34;6;9
2023-10-27;1;17 000 000 €;29;33;35;48;49;3;8
2023-10-31;0;17 000 000 €;5;7;20;40;50;2;10
2023-11-03;1;31 218 086 €;8;21;31;39;47;5;9
2023-11-07;0;17 000 000 €;8;10;11;30;39;4;10
2023-11-10;0;29 442 596 €;10;21;30;38;42;2;12
2023-11-14;0;38 766 955 €;13;16;36;44;50;3;5
2023-11-17;0;51 871 164 €;2;24;26;46;50;2;7
2023-11-21;0;61 945 882 €;19;29;34;46;47;2;3
2023-11-24;0;73 689 177 €;15;20;29;39;48;1;7
2023-11-28;1;83 068 817 €;12;16;27;33;44;7;8
2023-12-01;0;200 000 000 €;4;10;14;38;50;9;12
2023-12-05;0;218 859 088 €;4;6;20;24;25;5;9
2023-12-08;1;240 000 000 €;17;30;42;48;50;4;8
2023-12-12;0;17 000 000 €;6;28;37;39;43;9;12
2023-12-15;0;30 315 474 €;2;13;37;38;48;5;9
2023-12-19;0;40 468 227 €;10;20;41;43;45;2;12
2023-12-22;1;55 662 868 €;6;14;34;44;49;4;12
2023-12-26;0;17 000 000 €;8;27;30;35;47;9;10
2023-12-29;0;30 547 317 €;2;3;19;36;37;6;9
2024-01-02;0;40 104 043 €;7;15;18;46;49;10;12
2024-01-05;0;53 860 693 €;4;7;18;39;50;3;8
2024-01-09;0;64 655 930 €;2;9;12;39;40;1;3
2024-01-12;0;78 232 869 €;16;17;18;45;49;9;12
2024-01-16;1;87 952 574 €;10;18;21;33;45;8;12
2024-01-19;1;17 000 000 €;27;28;44;48;50;7;12
2024-01-23;0;17 000 000 €;14;23;39;48;50;3;12
2024-01-26;0;130 000 000 €;8;19;32;41;42;9;12
2024-01-30;2;144 549 616 €;5;10;19;27;30;5;6
2024-02-02;0;17 000 000 €;13;20;23;27;42;5;9
2024-02-06;0;26 671 243 €;2;7;21;28;45;5;11
2024-02-09;0;39 863 292 €;23;24;35;37;45;9;12
2024-02-13;0;50 200 268 €;13;17;18;20;46;4;9
2024-02-16;0;0 €;8;13;14;24;26;1;2
2024-02-20;1;73 448 160 €;23;31;37;42;48;3;7
2024-02-23;0;17 000 000 €;24;27;28;30;49;1;12
2024-02-27;0;26 481 832 €;3;4;9;12;20;5;6
2024-03-01;0;39 478 163 €;4;7;19;20;34;2;4
2024-03-05;0;49 724 673 €;2;15;17;23;36;3;8
2024-03-08;0;63 706 419 €;8;11;12;16;44;4;7
2024-03-12;0;72 905 622 €;13;19;30;38;46;4;12
2024-03-15;1;130 000 000 €;1;4;31;34;40;4;5
2024-03-19;0;17 000 000 €;7;16;18;20;32;1;3
2024-03-22;0;29 416 867 €;8;11;23;32;44;9;10
2024-03-26;0;38 982 717 €;2;13;14;26;29;5;6
2024-03-29;0;52 158 877 €;16;17;35;36;49;1;10
2024-04-02;0;61 841 233 €;1;23;31;36;48;5;8
2024-04-05;0;73 573 473 €;13;18;26;35;37;8;11
2024-04-09;0;82 919 693 €;19;23;26;27;46;2;10
2024-04-12;0;95 455 077 €;2;3;12;16;45;2;11
2024-04-16;0;106 321 540 €;22;29;31;39;46;3;7
2024-04-19;0;121 428 317 €;10;20;40;44;46;1;3
2024-04-23;0;133 997 921 €;6;9;11;32;49;2;10
2024-04-26;0;152 030 614 €;2;20;39;40;47;4;8
2024-04-30;1;166 790 050 €;13;22;24;33;47;1;5
2024-05-03;0;17 000 000 €;6;9;10;30;49;3;4
2024-05-07;0;26 436 748 €;35;36;41;42;45;6;11
2024-05-10;0;38 735 491 €;13;28;29;44;48;4;12
2024-05-14;1;48 748 900 €;2;8;17;28;35;7;9
2024-05-17;0;17 000 000 €;18;31;32;41;46;1;10
2024-05-21;0;25 835 023 €;11;13;14;34;48;7;9
2024-05-24;0;38 150 341 €;9;12;18;22;50;1;3
2024-05-28;0;47 755 445 €;16;18;35;36;41;6;7
2024-05-31;0;61 212 842 €;4;7;16;33;34;7;8
2024-06-04;0;70 207 869 €;6;7;9;14;43;3;4
2024-06-07;0;130 000 000 €;15;16;26;30;37;5;8
2024-06-11;0;143 550 510 €;7;15;34;45;48;7;9
2024-06-14;0;161 234 811 €;2;13;16;24;32;1;7
2024-06-18;0;176 125 264 €;3;11;33;34;36;1;12
2024-06-21;0;195 721 466 €;3;4;7;11;17;3;12
2024-06-25;1;213 887 390 €;14;16;37;45;49;5;7
2024-06-28;0;17 000 000 €;10;16;18;22;35;1;10
2024-07-02;0;26 534 528 €;2;7;34;35;46;6;8
2024-07-05;1;39 132 032 €;11;13;29;31;47;1;11
2024-07-09;0;17 000 000 €;6;15;19;28;39;7;11
2024-07-12;0;29 128 125 €;12;18;24;25;39;8;10
2024-07-16;0;38 567 424 €;2;32;35;36;39;7;8
2024-07-19;2;52 363 998 €;15;22;35;44;48;6;7
2024-07-23;0;17 000 000 €;4;8;10;16;34;4;8
2024-07-26;1;28 649 442 €;4;19;23;35;37;4;8
2024-07-30;0;17 000 000 €;9;25;28;37;38;2;8
2024-08-02;0;28 776 997 €;5;7;12;33;46;3;12
2024-08-06;0;38 085 988 €;1;18;27;41;50;2;12
2024-08-09;0;50 649 439 €;21;23;25;33;44;4;10
2024-08-13;0;60 887 191 €;15;16;39;40;47;1;6
2024-08-16;0;72 769 716 €;15;17;29;45;49;1;10
2024-08-20;0;81 964 326 €;7;10;13;18;26;3;12
2024-08-23;0;94 498 718 €;9;15;24;47;50;8;9
2024-08-27;0;104 936 241 €;1;8;11;42;47;4;11
2024-08-30;0;119 772 690 €;3;24;27;33;42;4;6
2024-09-03;0;132 447 715 €;7;9;11;16;45;2;5
2024-09-06;1;149 017 789 €;12;14;34;41;47;3;4
2024-09-10;0;17 000 000 €;6;29;46;47;48;2;9
2024-09-13;0;31 511 704 €;10;15;17;31;42;4;12
2024-09-17;0;41 391 923 €;20;30;32;41;44;1;10
2024-09-20;0;54 712 555 €;16;25;29;34;37;3;7
2024-09-24;0;65 337 927 €;18;20;21;36;49;3;5
2024-09-27;0;130 000 000 €;7;20;21;27;38;5;12
2024-10-01;0;143 969 599 €;8;22;29;41;42;9;11
2024-10-04;1;162 256 512 €;4;8;16;17;20;1;6
2024-10-08;0;17 000 000 €;7;14;19;34;40;6;8
2024-10-11;0;29 821 152 €;16;23;32;46;49;4;5
2024-10-15;0;39 530 015 €;2;15;32;36;48;3;9
2024-10-18;0;53 040 810 €;4;15;23;30;39;1;12
2024-10-22;0;63 353 583 €;3;13;27;30;46;1;2
2024-10-25;0;76 313 062 €;4;17;20;25;45;8;9
2024-10-29;0;85 747 959 €;1;2;19;30;45;10;12
2024-11-01;0;98 005 009 €;7;33;38;44;50;2;7
2024-11-05;0;109 544 201 €;1;8;19;37;50;6;9
2024-11-08;0;124 837 601 €;2;33;35;42;48;1;3
2024-11-12;0;137 211 026 €;10;11;12;22;50;1;10
2024-11-15;0;153 801 395 €;7;8;34;39;44;2;6
2024-11-19;0;167 885 088 €;4;13;20;28;49;7;12
2024-11-22;0;194 669 133 €;10;11;12;29;31;8;11
2024-11-26;1;212 448 937 €;7;11;25;31;40;9;12
2024-11-29;0;17 000 000 €;8;17;18;29;43;5;9
2024-12-03;0;27 018 617 €;23;25;34;46;47;6;8
2024-12-06;0;40 367 384 €;14;25;39;44;47;6;10
2024-12-10;0;50 987 545 €;5;24;25;29;47;5;9
2024-12-13;0;67 852 509 €;1;15;25;42;50;4;10
2024-12-17;1;77 557 137 €;1;3;4;21;29;2;7
2024-12-20;0;17 000 000 €;10;14;21;33;50;6;9
2024-12-24;0;28 754 036 €;6;10;16;23;24;11;12
2024-12-27;1;41 205 363 €;12;22;27;33;45;4;8
2024-12-31;0;17 000 000 €;19;24;26;28;33;8;12
2025-01-03;0;29 139 979 €;3;19;29;35;37;1;9
2025-01-07;0;39 138 031 €;20;33;35;41;47;4;12
2025-01-10;0;52 905 618 €;12;27;36;37;42;6;7
2025-01-14;0;63 894 652 €;18;20;29;41;48;5;9
2025-01-17;0;76 208 290 €;8;15;24;35;42;6;8
2025-01-21;0;85 948 097 €;6;8;14;27;41;4;5
2025-01-24;1;99 397 573 €;2;11;19;30;49;3;8
2025-01-28;0;17 000 000 €;9;37;41;42;49;1;9
2025-01-31;0;29 691 765 €;22;30;41;44;49;2;7
2025-02-04;0;39 688 311 €;3;4;29;39;43;5;10
2025-02-07;0;53 335 818 €;10;23;24;29;45;8;10
2025-02-11;0;64 222 634 €;3;21;36;41;46;1;6
2025-02-14;1;78 450 739 €;4;14;31;36;38;3;10
2025-02-18;0;17 000 000 €;5;14;25;26;40;5;7
2025-02-21;0;29 270 259 €;1;3;11;20;43;2;11
2025-02-25;0;38 919 455 €;17;22;23;24;44;6;11
2025-02-28;1;52 448 674 €;7;16;31;43;46;5;9
2025-03-04;0;17 000 000 €;15;20;29;35;42;2;9
2025-03-07;0;130 000 000 €;6;10;27;32;48;3;8
2025-03-11;0;144 588 956 €;13;36;37;42;47;7;11
2025-03-14;0;163 297 044 €;8;10;33;35;49;2;9
2025-03-18;0;179 328 993 €;4;9;35;46;50;8;11
2025-03-21;0;200 584 076 €;9;17;18;21;50;5;12
2025-03-25;0;220 427 177 €;1;3;18;33;36;2;6
2025-03-28;1;250 000 000 €;10;21;30;42;45;1;9
2025-04-01;0;17 000 000 €;9;24;30;46;49;4;12
2025-04-04;1;30 117 535 €;27;39;41;45;50;5;7
2025-04-08;0;17 000 000 €;3;14;15;48;49;1;7
2025-04-11;0;29 653 056 €;14;28;34;46;49;3;8
2025-04-15;0;39 576 503 €;3;31;33;38;44;6;12
2025-04-18;0;52 448 887 €;20;27;35;39;48;3;8
2025-04-22;0;62 465 228 €;7;28;33;37;47;9;12
2025-04-25;0;74 400 108 €;13;22;32;39;41;1;12
2025-04-29;0;83 786 487 €;2;9;24;30;41;1;11
2025-05-02;0;97 254 382 €;3;5;19;21;49;1;10
2025-05-06;0;108 197 286 €;8;23;24;47;48;4;9
2025-05-09;0;123 011 264 €;15;18;25;29;47;5;9
2025-05-13;0;135 332 717 €;9;19;44;47;50;2;9
2025-05-16;0;151 408 194 €;6;9;25;37;46;6;12
2025-05-20;0;164 911 120 €;1;8;13;29;47;5;6
2025-05-23;0;182 346 242 €;10;29;43;46;49;7;12
2025-05-27;0;198 011 280 €;12;30;38;40;41;4;12
2025-05-30;0;221 000 000 €;4;7;14;33;36;1;5
2025-06-03;0;238 816 942 €;12;15;38;47;48;5;7
2025-06-06;0;250 000 000 €;20;21;29;30;35;2;12
2025-06-10;0;250 000 000 €;19;36;39;40;45;5;6
2025-06-13;0;250 000 000 €;2;28;40;43;45;3;7
2025-06-17;1;250 000 000 €;13;22;23;44;49;3;5
2025-06-20;0;17 000 000 €;5;8;24;37;47;3;9
2025-06-24;0;26 938 273 €;7;16;21;23;39;7;11
2025-06-27;0;40 322 654 €;19;27;36;45;49;7;10
2025-07-01;0;51 016 731 €;1;17;28;32;34;7;8
2025-07-04;0;64 874 337 €;19;29;42;45;48;5;7
2025-07-08;0;74 533 673 €;1;8;9;18;50;1;5
2025-07-11;0;86 799 585 €;8;23;24;45;49;2;10
2025-07-15;0;96 858 365 €;24;38;41;45;49;1;6
2025-07-18;0;111 646 530 €;13;19;25;42;45;2;9
2025-07-22;0;123 233 143 €;8;15;26;33;41;9;10
2025-07-25;0;137 766 680 €;6;7;23;32;36;11;12
2025-07-29;0;150 232 733 €;5;6;42;44;46;4;8
2025-08-01;0;166 241 768 €;4;16;25;29;30;2;10
2025-08-05;0;179 818 189 €;1;3;5;42;47;5;10
2025-08-08;0;197 504 622 €;2;12;19;34;44;6;10
2025-08-12;0;213 114 756 €;18;28;42;46;48;3;9
2025-08-15;0;232 174 804 €;13;30;35;36;40;2;6
2025-08-19;1;250 000 000 €;24;31;34;41;43;6;8
2025-08-22;0;17 000 000 €;6;9;12;30;39;4;10
2025-08-26;0;26 800 624 €;2;14;38;42;45;10;11
2025-08-29;0;40 112 808 €;6;9;10;13;37;1;7
2025-09-02;0;51 026 993 €;13;30;31;32;36;1;12
2025-09-05;1;65 278 573 €;27;30;31;41;43;5;8
2025-09-09;0;17 000 000 €;3;13;24;39;40;2;8
2025-09-12;0;29 758 912 €;5;10;23;31;37;3;11
2025-09-16;0;39 929 184 €;1;9;13;35;40;5;6
2025-09-19;0;53 344 251 €;8;10;26;32;42;9;12
2025-09-23;0;64 176 450 €;11;13;24;29;33;2;5
2025-09-26;1;130 000 000 €;4;17;25;28;44;5;11
2025-09-30;0;17 000 000 €;3;8;15;17;48;2;8
2025-10-03;1;29 922 038 €;6;12;18;25;41;2;6
2025-10-07;0;17 000 000 €;24;39;42;43;48;5;8
2025-10-10;1;29 671 390 €;6;7;17;20;21;1;10
2025-10-14;0;17 000 000 €;5;8;14;16;18;3;10
2025-10-17;0;29 398 730 €;13;35;39;44;47;3;5
2025-10-21;0;39 082 377 €;5;24;29;40;42;6;12
2025-10-24;0;52 225 106 €;7;8;25;31;45;7;12
2025-10-28;0;52 225 106 €;7;8;24;35;49;2;12
2025-10-31;0;75 000 000 €;5;14;38;43;45;7;11
2025-11-04;0;85 169 986 €;6;9;25;28;45;1;4
2025-11-07;0;98 027 155 €;11;21;39;40;43;2;8
2025-11-11;0;108 000 000 €;4;22;32;36;47;2;10
2025-11-14;0;122 611 491 €;9;26;27;45;48;8;9
2025-11-18;0;134 404 955 €;2;4;15;21;48;6;12
2025-11-21;0;149 510 047 €;17;19;29;35;48;5;9
2025-11-25;0;162 134 413 €;6;11;17;35;44;3;7
2025-11-28;1;178 656 733 €;5;29;33;39;42;3;9
2025-12-02;0;17 000 000 €;4;13;14;20;41;6;12
2025-12-05;0;130 000 000 €;9;15;25;34;46;8;12
2025-12-09;1;142 433 804 €;2;8;13;29;49;2;11
2025-12-12;1;17 000 000 €;7;25;30;37;41;5;11
2025-12-16;0;17 000 000 €;14;16;40;41;44;2;10
2025-12-19;0;29 984 493 €;17;21;39;43;44;1;11
2025-12-23;0;41 432 000 €;8;26;27;29;44;11;12
2025-12-26;1;54 026 007 €;12;22;32;36;48;3;4
2025-12-30;0;17 000 000 €;11;26;29;34;44;1;10
2026-01-02;0;30 879 489 €;8;27;42;44;46;1;10
2026-01-06;0;40 421 786 €;5;14;17;18;31;10;12
2026-01-09;0;53 787 880 €;1;7;10;26;34;2;4
2026-01-13;0;64 537 877 €;6;10;18;44;47;2;10
2026-01-16;0;77 334 734 €;5;17;24;29;50;5;10
2026-01-20;0;86 841 907 €;11;18;19;22;50;1;11
2026-01-23;0;99 679 548 €;4;5;13;21;42;3;10
2026-01-27;0;109 599 909 €;4;23;42;43;47;3;9
