;Date;Tirage;Gagnant;Jackpot
0;31/12/2004;7 8 24 25 47 8 9;0;10 000 000 €
1;24/12/2004;3 4 27 29 37 5 6;1;10 000 000 €
2;17/12/2004;15 19 22 46 49 2 9;1;26 215 627 €
3;10/12/2004;1 3 13 16 43 2 7;0;17 000 000 €
4;03/12/2004;1 11 15 42 49 3 4;0;10 000 000 €
5;26/11/2004;1 4 24 34 36 6 8;1;43 756 502 €
6;19/11/2004;1 18 29 34 37 2 6;0;32 000 000 €
7;12/11/2004;4 11 12 13 32 3 9;0;24 000 000 €
8;05/11/2004;6 19 25 42 49 1 7;0;17 000 000 €
9;29/10/2004;1 8 32 35 38 4 9;0;10 000 000 €
10;22/10/2004;1 9 23 25 40 3 9;1;25 059 130 €
11;15/10/2004;14 21 22 37 43 5 8;0;17 000 000 €
12;08/10/2004;1 10 12 16 48 2 6;0;10 000 000 €
13;01/10/2004;12 20 21 45 48 5 6;1;29 785 269 €
14;24/09/2004;21 26 27 44 48 1 7;0;25 000 000 €
15;17/09/2004;15 18 29 39 41 5 8;0;22 000 000 €
16;10/09/2004;5 25 33 36 38 2 5;0;19 000 000 €
17;03/09/2004;8 12 14 15 34 6 7;0;17 000 000 €
18;27/08/2004;1 11 22 28 44 1 9;0;14 000 000 €
19;20/08/2004;6 9 10 27 35 6 8;0;12 000 000 €
20;13/08/2004;20 27 41 43 50 5 8;0;10 000 000 €
21;06/08/2004;5 15 24 35 44 5 6;1;24 746 858 €
22;30/07/2004;9 10 19 37 50 1 6;0;22 000 000 €
23;23/07/2004;7 10 27 31 34 3 8;0;19 000 000 €
24;16/07/2004;24 26 31 38 50 5 8;0;17 000 000 €
25;09/07/2004;2 5 12 19 44 8 9;0;14 000 000 €
26;02/07/2004;4 23 24 28 34 1 3;0;12 000 000 €
27;25/06/2004;3 21 30 34 35 1 2;0;10 000 000 €
28;18/06/2004;2 23 28 40 43 2 6;1;12 286 876 €
29;11/06/2004;2 7 8 10 47 1 7;0;10 000 000 €
30;04/06/2004;9 13 34 41 42 3 7;1;12 488 171 €
31;28/05/2004;6 11 35 41 44 5 6;0;10 000 000 €
32;21/05/2004;15 29 37 39 49 4 9;1;10 000 000 €
33;14/05/2004;1 3 21 32 39 2 6;1;33 816 137 €
34;07/05/2004;15 16 21 36 38 1 5;0;25 000 000 €
35;30/04/2004;5 6 16 23 27 6 7;0;20 000 000 €
36;23/04/2004;6 10 21 45 49 3 5;0;17 000 000 €
37;16/04/2004;14 15 28 35 40 1 3;0;15 000 000 €
38;09/04/2004;1 4 10 19 23 2 8;1;25 556 285 €
39;02/04/2004;4 12 24 27 36 2 9;0;22 000 000 €
40;26/03/2004;3 4 10 23 43 2 4;0;20 000 000 €
41;19/03/2004;33 36 37 42 45 4 9;0;17 000 000 €
42;12/03/2004;15 24 28 44 47 4 5;0;15 000 000 €
43;05/03/2004;4 7 33 37 39 1 5;1;20 678 070 €
44;27/02/2004;14 18 19 31 37 4 5;0;17 000 000 €
45;20/02/2004;7 13 39 47 50 2 5;0;15 000 000 €
46;13/02/2004;16 29 32 36 41 7 9;1;15 000 000 €
47;30/12/2005;8 16 19 43 45 1 4;0;75 000 000 €
48;23/12/2005;15 31 36 37 42 1 7;0;64 000 000 €
49;16/12/2005;2 3 15 18 32 6 7;0;55 000 000 €
50;09/12/2005;11 18 35 38 42 1 5;0;44 000 000 €
51;02/12/2005;1 9 20 23 30 4 7;0;34 000 000 €
52;25/11/2005;1 6 27 39 47 1 6;0;24 000 000 €
53;18/11/2005;17 18 25 34 48 2 3;0;15 000 000 €
54;11/11/2005;15 16 36 41 42 3 5;1;45 117 030 €
55;04/11/2005;26 36 37 38 42 2 6;0;34 000 000 €
56;28/10/2005;14 36 44 47 50 3 5;0;24 000 000 €
57;21/10/2005;1 14 19 29 33 1 8;0;15 000 000 €
58;14/10/2005;10 11 19 20 23 1 6;1;15 000 000 €
59;07/10/2005;2 13 21 26 44 3 9;2;15 000 000 €
60;30/09/2005;6 11 47 48 50 1 6;4;25 066 380 €
61;23/09/2005;1 26 31 34 47 4 9;0;15 000 000 €
62;16/09/2005;12 13 19 21 38 3 9;1;75 888 514 €
63;09/09/2005;8 12 19 31 50 6 7;0;66 000 000 €
64;02/09/2005;3 4 14 43 50 3 6;0;57 000 000 €
65;26/08/2005;9 29 35 40 41 1 6;0;45 000 000 €
66;19/08/2005;11 24 29 31 41 1 3;0;35 000 000 €
67;12/08/2005;15 23 30 37 40 7 9;0;24 000 000 €
68;05/08/2005;2 11 21 22 30 4 6;0;15 000 000 €
69;29/07/2005;3 19 26 49 50 4 5;1;115 436 126 €
70;22/07/2005;3 14 41 48 49 1 4;0;96 000 000 €
71;15/07/2005;1 11 12 23 42 3 6;0;81 000 000 €
72;08/07/2005;35 36 42 46 49 2 8;0;69 000 000 €
73;01/07/2005;4 5 23 25 28 3 4;0;60 000 000 €
74;24/06/2005;6 8 14 15 45 7 8;0;52 000 000 €
75;17/06/2005;4 8 10 18 21 1 7;0;42 000 000 €
76;10/06/2005;6 7 32 37 47 1 7;0;32 000 000 €
77;03/06/2005;3 8 11 17 50 1 5;0;23 000 000 €
78;27/05/2005;2 24 31 48 50 4 9;0;15 000 000 €
79;20/05/2005;6 7 13 28 47 5 8;1;43 020 745 €
80;13/05/2005;12 17 31 32 40 2 9;0;32 000 000 €
81;06/05/2005;7 12 21 26 44 6 8;0;23 000 000 €
82;29/04/2005;3 9 35 39 42 1 8;0;15 000 000 €
83;22/04/2005;3 10 13 24 47 5 9;2;23 749 558 €
84;15/04/2005;6 28 31 38 42 3 9;0;15 000 000 €
85;08/04/2005;7 11 25 31 50 1 3;1;64 040 749 €
86;01/04/2005;25 26 41 44 47 3 7;0;51 000 000 €
87;25/03/2005;4 29 33 37 38 6 9;0;44 000 000 €
88;18/03/2005;6 23 39 43 48 5 7;0;35 000 000 €
89;11/03/2005;8 12 23 40 43 1 4;0;26 000 000 €
90;04/03/2005;12 24 32 37 39 7 9;0;17 000 000 €
91;25/02/2005;3 27 30 43 44 4 8;0;10 000 000 €
92;18/02/2005;20 21 26 32 46 8 9;1;10 000 000 €
93;11/02/2005;11 13 25 32 50 4 7;1;34 776 948 €
94;04/02/2005;1 8 11 30 40 7 8;0;25 000 000 €
95;28/01/2005;7 21 26 43 45 5 7;0;17 000 000 €
96;21/01/2005;10 12 14 24 26 5 8;0;10 000 000 €
97;14/01/2005;6 11 14 19 29 1 3;2;26 007 362 €
98;07/01/2005;3 23 27 47 50 2 3;0;0 €
99;29/12/2006;6 9 13 14 35 3 4;0;66 983 488 €
100;22/12/2006;9 11 20 38 43 2 3;0;53 119 776 €
101;15/12/2006;9 23 35 37 42 3 7;0;39 640 847 €
102;08/12/2006;16 17 18 36 47 1 2;0;26 982 938 €
103;01/12/2006;4 8 16 37 41 2 5;0;15 000 000 €
104;24/11/2006;5 8 17 25 40 1 5;2;15 000 000 €
105;17/11/2006;12 22 32 33 36 2 6;0;183 109 057 €
106;10/11/2006;14 21 27 30 36 2 3;0;153 564 446 €
107;03/11/2006;11 13 24 44 49 3 9;0;131 523 150 €
108;27/10/2006;3 4 8 44 50 7 8;0;113 230 830 €
109;20/10/2006;10 19 34 45 47 3 6;0;96 837 646 €
110;13/10/2006;2 25 32 38 41 3 5;0;82 724 345 €
111;06/10/2006;5 11 22 35 38 7 8;0;69 208 821 €
112;29/09/2006;1 3 6 18 24 5 8;0;59 132 969 €
113;22/09/2006;10 29 30 45 49 3 8;0;47 213 250 €
114;15/09/2006;6 10 16 26 49 7 9;0;35 980 458 €
115;08/09/2006;1 10 12 32 33 1 8;0;25 256 582 €
116;01/09/2006;3 7 25 45 50 6 9;0;15 000 000 €
117;25/08/2006;10 28 40 47 48 6 8;1;57 414 511 €
118;18/08/2006;12 37 39 40 50 1 2;0;45 929 071 €
119;11/08/2006;27 28 31 46 47 2 5;0;35 197 614 €
120;04/08/2006;1 14 15 26 32 3 7;0;24 977 577 €
121;28/07/2006;3 8 12 29 43 6 7;0;15 000 000 €
122;21/07/2006;2 4 9 38 50 6 8;1;25 042 525 €
123;14/07/2006;1 7 17 31 36 2 8;0;15 000 000 €
124;07/07/2006;7 9 18 35 43 5 7;2;68 408 266 €
125;30/06/2006;6 15 16 40 43 1 2;0;58 765 947 €
126;23/06/2006;9 21 30 43 44 1 9;0;46 811 687 €
127;16/06/2006;1 16 26 30 36 3 9;0;35 662 152 €
128;09/06/2006;3 12 15 34 39 4 6;0;25 187 106 €
129;02/06/2006;7 8 27 41 48 1 6;0;15 000 000 €
130;26/05/2006;2 12 21 41 49 3 7;2;15 000 000 €
131;19/05/2006;3 5 25 34 49 5 8;1;15 000 000 €
132;12/05/2006;5 20 23 34 50 1 5;2;25 640 376 €
133;05/05/2006;4 8 14 16 50 3 9;0;15 000 000 €
134;28/04/2006;5 10 17 22 33 5 7;4;25 811 932 €
135;21/04/2006;1 20 22 37 46 1 9;0;15 000 000 €
136;14/04/2006;16 26 34 35 49 2 6;1;25 915 863 €
137;07/04/2006;12 13 29 44 50 4 5;0;15 000 000 €
138;31/03/2006;3 20 31 45 50 6 7;1;75 753 123 €
139;24/03/2006;17 28 33 35 47 4 9;0;65 117 842 €
140;17/03/2006;5 32 44 45 50 1 7;0;51 865 203 €
141;10/03/2006;1 21 33 45 49 4 8;0;39 080 314 €
142;03/03/2006;3 5 8 10 44 3 5;0;26 842 720 €
143;24/02/2006;1 11 18 19 47 3 7;0;15 000 000 €
144;17/02/2006;4 23 24 26 38 2 4;1;27 813 382 €
145;10/02/2006;5 6 38 48 50 6 7;0;15 000 000 €
146;03/02/2006;9 21 30 39 50 1 3;3;183 573 078 €
147;27/01/2006;9 15 21 40 49 1 4;0;152 882 223 €
148;20/01/2006;12 15 33 44 50 2 6;0;125 000 000 €
149;13/01/2006;8 12 19 33 34 1 6;0;103 000 000 €
150;06/01/2006;2 6 9 14 26 4 5;0;0 €
151;28/12/2007;20 21 22 31 45 7 9;0;15 000 000 €
152;21/12/2007;7 9 28 37 44 6 7;1;27 716 872 €
153;14/12/2007;8 25 30 36 44 3 4;0;15 000 000 €
154;07/12/2007;2 4 32 43 48 1 7;1;27 552 424 €
155;30/11/2007;12 19 20 30 38 7 9;0;15 000 000 €
156;23/11/2007;2 10 22 29 48 3 9;1;27 375 964 €
157;16/11/2007;9 18 23 33 37 1 8;0;15 000 000 €
158;09/11/2007;5 14 22 25 36 5 6;2;15 000 000 €
159;02/11/2007;3 16 18 19 40 1 2;1;41 136 124 €
160;26/10/2007;7 20 38 40 43 1 8;0;27 610 682 €
161;19/10/2007;7 18 34 35 40 7 8;0;15 000 000 €
162;12/10/2007;21 32 36 46 47 3 4;2;15 000 000 €
163;05/10/2007;11 20 27 35 44 2 5;5;15 000 000 €
164;28/09/2007;22 30 34 35 44 4 5;0;130 000 000 €
165;21/09/2007;1 17 32 35 37 1 8;1;27 247 062 €
166;14/09/2007;5 9 11 29 33 7 9;0;15 000 000 €
167;07/09/2007;2 3 33 34 42 3 5;1;15 000 000 €
168;31/08/2007;6 18 22 23 37 5 6;1;39 496 528 €
169;24/08/2007;1 3 16 42 48 2 3;0;26 677 818 €
170;17/08/2007;2 3 13 38 42 7 8;0;15 000 000 €
171;10/08/2007;23 40 42 43 49 2 6;1;52 630 236 €
172;03/08/2007;10 30 33 37 41 1 8;0;39 185 012 €
173;27/07/2007;1 4 21 29 41 7 8;0;27 731 341 €
174;20/07/2007;10 21 25 26 50 4 9;0;15 000 000 €
175;13/07/2007;9 13 15 31 48 3 6;1;56 945 074 €
176;06/07/2007;4 5 19 39 41 8 9;0;39 898 280 €
177;29/06/2007;8 12 28 33 45 1 3;0;26 816 658 €
178;22/06/2007;11 16 17 22 34 5 6;0;15 000 000 €
179;15/06/2007;5 7 14 21 40 3 8;1;26 938 896 €
180;08/06/2007;1 15 17 25 45 2 8;0;15 000 000 €
181;01/06/2007;6 22 37 41 42 6 9;1;15 000 000 €
182;25/05/2007;25 26 29 49 50 7 8;1;15 000 000 €
183;18/05/2007;26 34 37 39 49 2 6;1;15 000 000 €
184;11/05/2007;7 12 26 29 49 2 6;3;53 347 665 €
185;04/05/2007;6 17 35 41 45 1 5;0;39 605 256 €
186;27/04/2007;7 18 27 36 44 1 2;0;26 851 565 €
187;20/04/2007;23 26 32 41 45 3 7;0;15 000 000 €
188;13/04/2007;7 20 25 38 41 3 7;1;15 000 000 €
189;06/04/2007;15 23 29 41 48 3 6;1;26 945 909 €
190;30/03/2007;9 17 19 41 46 1 8;0;15 000 000 €
191;23/03/2007;5 13 17 40 43 1 3;1;41 023 864 €
192;16/03/2007;4 14 31 45 49 4 9;0;27 699 321 €
193;09/03/2007;2 3 25 43 48 6 9;0;15 000 000 €
194;02/03/2007;3 16 34 38 48 5 8;2;42 201 702 €
195;23/02/2007;2 15 18 20 22 2 5;0;28 224 030 €
196;16/02/2007;8 19 20 39 50 6 9;0;15 000 000 €
197;09/02/2007;14 16 30 36 46 2 8;1;100 000 000 €
198;02/02/2007;14 23 27 30 36 1 6;1;27 173 863 €
199;26/01/2007;11 15 23 30 38 4 9;0;15 000 000 €
200;19/01/2007;5 13 27 33 42 2 4;1;15 000 000 €
201;12/01/2007;8 11 14 19 25 3 5;1;15 000 000 €
202;05/01/2007;17 19 29 36 45 5 6;2;78 312 156 €
203;26/12/2008;1 2 26 44 50 1 7;0;26 758 047 €
204;19/12/2008;28 29 40 46 50 5 7;0;15 000 000 €
205;12/12/2008;2 19 28 42 49 2 7;2;15 000 000 €
206;05/12/2008;4 8 21 35 45 5 8;1;15 000 000 €
207;28/11/2008;8 11 16 25 41 2 4;1;28 044 446 €
208;21/11/2008;9 14 21 49 50 3 8;0;15 000 000 €
209;14/11/2008;8 10 14 21 26 3 4;1;15 000 000 €
210;07/11/2008;1 9 12 17 18 3 4;1;15 000 000 €
211;31/10/2008;3 18 25 34 41 2 5;2;42 831 306 €
212;24/10/2008;7 15 16 17 45 6 9;0;28 282 482 €
213;17/10/2008;3 10 12 42 50 1 5;0;15 000 000 €
214;10/10/2008;4 15 22 31 41 1 6;1;29 068 081 €
215;03/10/2008;4 13 19 23 38 2 3;0;15 000 000 €
216;26/09/2008;14 29 31 33 37 1 2;0;130 000 000 €
217;19/09/2008;14 16 19 20 31 6 9;0;15 000 000 €
218;12/09/2008;19 23 33 37 50 3 7;1;15 000 000 €
219;05/09/2008;7 12 16 17 39 3 8;2;119 349 706 €
220;29/08/2008;2 20 25 37 39 5 8;0;91 223 351 €
221;22/08/2008;7 27 29 39 50 5 7;0;70 754 953 €
222;15/08/2008;11 17 18 26 31 5 6;0;54 127 607 €
223;08/08/2008;4 5 15 16 45 4 7;0;40 358 795 €
224;01/08/2008;1 22 25 40 50 1 8;0;27 010 082 €
225;25/07/2008;7 11 15 24 29 2 7;0;15 000 000 €
226;18/07/2008;10 14 16 29 44 5 6;1;15 000 000 €
227;11/07/2008;9 11 13 19 37 3 4;1;15 000 000 €
228;04/07/2008;7 19 22 27 48 5 7;1;15 000 000 €
229;27/06/2008;5 20 26 44 50 5 7;1;58 278 337 €
230;20/06/2008;8 11 36 37 45 3 5;0;43 334 864 €
231;13/06/2008;13 16 37 44 50 1 9;0;29 947 069 €
232;06/06/2008;7 19 21 40 50 2 9;0;15 000 000 €
233;30/05/2008;5 7 14 20 49 2 8;1;15 000 000 €
234;23/05/2008;5 9 19 21 38 1 7;4;15 000 000 €
235;16/05/2008;6 9 15 25 38 4 9;1;55 609 411 €
236;09/05/2008;8 9 40 42 45 6 7;0;40 624 869 €
237;02/05/2008;2 26 37 45 48 4 8;0;27 290 983 €
238;25/04/2008;4 19 26 27 30 3 8;0;15 000 000 €
239;18/04/2008;3 6 7 27 50 5 9;1;58 367 681 €
240;11/04/2008;6 25 30 45 50 5 7;0;42 346 692 €
241;04/04/2008;11 13 18 37 47 1 6;0;28 004 694 €
242;28/03/2008;5 9 17 29 39 3 6;0;15 000 000 €
243;21/03/2008;2 10 18 22 36 4 6;1;15 000 000 €
244;14/03/2008;13 21 25 35 48 4 8;1;28 239 959 €
245;07/03/2008;2 7 14 17 35 1 6;0;15 000 000 €
246;29/02/2008;12 37 40 47 49 2 9;1;15 000 000 €
247;22/02/2008;4 27 32 46 50 8 9;1;28 912 566 €
248;15/02/2008;12 27 29 45 46 4 7;0;15 000 000 €
249;08/02/2008;17 28 30 38 44 1 4;0;130 000 000 €
250;01/02/2008;22 30 45 47 49 4 9;0;15 000 000 €
251;25/01/2008;2 6 9 19 45 7 8;1;76 611 580 €
252;18/01/2008;14 16 23 40 46 4 8;0;57 437 748 €
253;11/01/2008;8 24 36 49 50 4 8;0;40 754 255 €
254;04/01/2008;10 12 24 25 41 3 5;0;26 917 710 €
255;25/12/2009;4 5 14 17 34 3 5;0;15 000 000 €
256;18/12/2009;14 30 32 35 49 3 8;1;59 459 744 €
257;11/12/2009;20 41 43 44 46 2 9;0;43 818 510 €
258;04/12/2009;18 19 25 30 44 1 3;0;29 071 578 €
259;27/11/2009;5 8 13 15 33 8 9;0;15 000 000 €
260;20/11/2009;5 9 28 43 47 2 9;1;15 000 000 €
261;13/11/2009;13 15 25 26 32 3 4;1;16 569 317 €
262;06/11/2009;11 19 34 43 45 5 9;2;102 199 676 €
263;30/10/2009;9 33 35 38 40 2 6;0;79 524 887 €
264;23/10/2009;6 18 20 29 31 2 8;0;60 674 298 €
265;16/10/2009;12 23 30 31 47 3 4;0;44 254 660 €
266;09/10/2009;7 11 29 46 50 4 7;0;29 041 468 €
267;02/10/2009;22 23 24 29 44 1 5;0;15 000 000 €
268;25/09/2009;6 17 18 21 34 3 9;1;15 000 000 €
269;18/09/2009;6 16 30 38 41 2 4;1;100 000 000 €
270;11/09/2009;12 15 35 42 43 4 6;0;43 176 231 €
271;04/09/2009;6 9 20 38 39 3 9;0;28 509 295 €
272;28/08/2009;8 36 37 41 49 5 7;0;15 000 000 €
273;21/08/2009;4 7 16 31 42 3 5;2;75 140 660 €
274;14/08/2009;5 8 24 30 49 3 9;0;57 349 944 €
275;07/08/2009;10 20 22 24 31 2 7;0;41 938 302 €
276;31/07/2009;5 9 20 21 26 3 6;0;28 001 223 €
277;24/07/2009;14 15 25 35 47 5 9;0;15 000 000 €
278;17/07/2009;2 8 17 32 50 3 7;1;57 528 118 €
279;10/07/2009;6 16 20 42 46 1 6;0;42 207 030 €
280;03/07/2009;21 29 34 46 47 6 8;0;28 040 956 €
281;26/06/2009;6 11 21 30 39 2 8;0;15 000 000 €
282;19/06/2009;4 16 17 20 29 5 7;1;15 000 000 €
283;12/06/2009;6 14 16 34 50 4 6;2;58 861 216 €
284;05/06/2009;11 19 26 35 40 2 5;0;42 859 330 €
285;29/05/2009;2 5 30 37 47 3 6;0;28 394 418 €
286;22/05/2009;4 13 14 33 43 1 6;0;15 000 000 €
287;15/05/2009;8 18 19 20 42 5 9;1;15 000 000 €
288;08/05/2009;4 23 24 29 31 8 9;1;126 231 764 €
289;01/05/2009;5 19 31 38 47 3 5;0;98 731 551 €
290;24/04/2009;4 14 21 24 41 5 8;0;77 000 542 €
291;17/04/2009;4 7 21 44 47 1 5;0;58 530 802 €
292;10/04/2009;9 14 16 37 46 2 4;0;42 292 286 €
293;03/04/2009;2 20 24 32 46 1 9;0;28 308 420 €
294;27/03/2009;25 33 36 38 42 6 7;0;15 000 000 €
295;20/03/2009;12 16 23 31 35 4 6;2;29 717 504 €
296;13/03/2009;12 24 26 36 42 1 4;0;16 009 561 €
297;06/03/2009;13 17 19 25 35 5 6;2;100 000 000 €
298;27/02/2009;5 9 37 44 45 6 9;0;43 037 732 €
299;20/02/2009;9 12 13 14 48 1 2;0;28 117 227 €
300;13/02/2009;22 33 36 40 42 1 2;0;15 000 000 €
301;06/02/2009;10 20 30 36 40 3 5;2;15 000 000 €
302;30/01/2009;4 29 34 35 46 5 8;1;28 407 448 €
303;23/01/2009;32 33 36 40 49 2 8;0;15 000 000 €
304;16/01/2009;3 17 22 49 50 3 6;1;15 000 000 €
305;09/01/2009;7 15 22 28 48 1 4;1;57 199 762 €
306;02/01/2009;29 30 36 37 48 1 6;0;40 425 333 €
307;31/12/2010;2 24 34 38 43 1 7;1;15 338 239 €
308;24/12/2010;19 36 38 42 46 2 8;1;19 106 757 €
309;17/12/2010;3 20 29 35 42 3 8;1;43 677 118 €
310;10/12/2010;2 3 10 33 46 7 8;0;28 707 820 €
311;03/12/2010;8 19 28 32 46 4 7;0;15 000 000 €
312;26/11/2010;9 28 36 41 49 5 7;1;45 322 973 €
313;19/11/2010;12 15 32 36 45 7 9;0;30 223 423 €
314;12/11/2010;7 19 23 29 47 1 6;0;16 141 034 €
315;05/11/2010;21 23 33 40 50 4 5;1;29 087 861 €
316;29/10/2010;16 20 22 32 42 8 9;0;15 000 000 €
317;22/10/2010;4 5 9 11 39 3 5;2;29 421 180 €
318;15/10/2010;2 31 36 38 43 3 7;0;15 000 000 €
319;08/10/2010;9 30 35 39 46 6 8;1;129 818 431 €
320;01/10/2010;1 4 6 27 48 1 6;0;100 000 000 €
321;24/09/2010;1 4 16 40 48 1 9;2;28 674 646 €
322;17/09/2010;17 27 29 38 50 1 3;0;15 000 000 €
323;10/09/2010;17 21 35 41 45 1 5;1;15 000 000 €
324;03/09/2010;13 24 26 47 49 4 8;1;15 000 000 €
325;27/08/2010;1 6 13 30 49 1 9;2;15 000 000 €
326;20/08/2010;5 27 31 40 42 1 6;1;15 000 000 €
327;13/08/2010;4 9 15 21 47 2 7;3;15 000 000 €
328;06/08/2010;13 25 28 29 42 4 5;1;15 000 000 €
329;30/07/2010;3 4 11 28 39 2 8;1;28 092 206 €
330;23/07/2010;4 13 35 37 46 3 9;0;15 000 000 €
331;16/07/2010;38 39 45 46 49 7 8;1;42 218 533 €
332;09/07/2010;9 24 37 39 49 3 9;0;28 051 827 €
333;02/07/2010;12 13 36 41 46 1 8;0;15 000 000 €
334;25/06/2010;1 8 18 28 31 8 9;1;27 989 077 €
335;18/06/2010;2 29 31 32 38 1 4;0;15 000 000 €
336;11/06/2010;2 22 24 36 44 1 2;1;15 000 000 €
337;04/06/2010;4 17 34 40 42 4 9;1;15 000 000 €
338;28/05/2010;4 9 31 32 33 3 7;1;15 000 000 €
339;21/05/2010;7 19 30 38 50 4 7;1;15 000 000 €
340;14/05/2010;1 17 31 43 47 2 3;1;100 037 101 €
341;07/05/2010;3 6 15 21 32 7 9;0;78 821 704 €
342;30/04/2010;6 22 24 25 36 3 8;0;60 297 781 €
343;23/04/2010;3 7 8 43 46 6 8;0;43 702 394 €
344;16/04/2010;9 11 17 26 40 3 9;0;28 888 274 €
345;09/04/2010;7 21 23 24 44 3 4;0;15 000 000 €
346;02/04/2010;12 18 24 26 45 4 5;1;15 000 000 €
347;26/03/2010;8 16 18 37 43 2 6;1;44 378 829 €
348;19/03/2010;10 28 30 38 39 2 7;0;29 152 590 €
349;12/03/2010;1 26 33 36 46 6 7;0;15 000 000 €
350;05/03/2010;12 18 19 43 49 3 9;1;46 258 004 €
351;26/02/2010;7 11 18 29 42 6 7;0;30 133 000 €
352;19/02/2010;12 31 37 38 43 2 3;0;15 000 000 €
353;12/02/2010;1 5 18 38 45 4 6;2;129 618 406 €
354;05/02/2010;34 35 38 39 46 3 4;0;100 000 000 €
355;29/01/2010;9 17 30 39 43 5 7;1;29 242 656 €
356;22/01/2010;4 22 27 36 44 7 9;0;15 000 000 €
357;15/01/2010;11 26 29 49 50 4 7;2;59 407 370 €
358;08/01/2010;4 5 14 44 46 8 9;0;42 944 229 €
359;01/01/2010;9 22 24 27 36 5 7;0;28 412 329 €
360;30/12/2011;16 36 43 44 50 7 8;0;51 792 389 €
361;27/12/2011;19 21 25 26 44 3 7;0;38 129 375 €
362;23/12/2011;7 21 22 24 28 1 11;0;30 860 915 €
363;20/12/2011;1 9 12 14 48 1 7;0;15 000 000 €
364;16/12/2011;2 5 10 23 31 2 5;1;46 576 447 €
365;13/12/2011;7 12 18 33 37 1 11;0;34 268 472 €
366;09/12/2011;12 21 29 44 47 1 2;0;26 824 531 €
367;06/12/2011;19 20 21 34 38 3 9;0;15 000 000 €
368;02/12/2011;7 27 30 40 43 8 9;1;27 094 320 €
369;29/11/2011;11 25 41 45 50 2 7;0;15 000 000 €
370;25/11/2011;14 19 26 28 34 5 8;1;35 062 896 €
371;22/11/2011;16 18 24 38 40 2 4;0;21 897 137 €
372;18/11/2011;4 12 24 39 44 2 4;0;15 000 000 €
373;15/11/2011;6 17 22 45 47 3 11;1;15 000 000 €
374;11/11/2011;1 4 18 23 30 3 7;1;67 939 184 €
375;08/11/2011;1 4 15 29 40 1 5;0;54 417 326 €
376;04/11/2011;11 14 41 43 50 2 9;0;46 270 560 €
377;01/11/2011;14 20 23 45 46 1 11;0;33 703 338 €
378;28/10/2011;16 17 20 39 50 4 8;0;26 983 680 €
379;25/10/2011;12 22 27 28 39 4 10;0;15 000 000 €
380;21/10/2011;2 19 33 37 46 5 8;2;47 998 650 €
381;18/10/2011;18 23 37 46 48 2 10;0;35 273 363 €
382;14/10/2011;12 23 29 32 47 3 5;0;27 483 912 €
383;11/10/2011;1 4 12 16 48 9 10;0;15 000 000 €
384;07/10/2011;18 26 34 38 42 5 8;1;117 705 979 €
385;04/10/2011;14 16 23 38 45 8 11;0;100 000 000 €
386;30/09/2011;5 15 28 31 44 1 6;3;48 578 058 €
387;27/09/2011;18 27 28 35 40 3 5;0;35 496 319 €
388;23/09/2011;6 14 33 34 48 2 6;0;27 447 714 €
389;20/09/2011;9 19 25 36 38 7 11;0;15 000 000 €
390;16/09/2011;2 8 17 39 42 3 10;1;15 000 000 €
391;13/09/2011;9 28 30 32 49 9 10;1;162 256 622 €
392;09/09/2011;5 21 28 31 34 1 2;0;147 365 854 €
393;06/09/2011;35 42 47 48 50 8 9;0;127 472 057 €
394;02/09/2011;12 26 37 38 44 4 7;0;115 692 111 €
395;30/08/2011;2 8 10 19 46 5 9;0;98 519 380 €
396;26/08/2011;12 22 25 33 45 5 7;0;89 057 638 €
397;23/08/2011;4 6 14 42 50 2 4;0;74 844 027 €
398;19/08/2011;6 14 16 28 31 2 11;0;66 489 770 €
399;16/08/2011;1 13 17 18 45 3 8;0;53 726 356 €
400;12/08/2011;7 10 20 27 37 4 7;0;46 432 977 €
401;09/08/2011;7 23 24 34 36 8 11;0;34 158 168 €
402;05/08/2011;13 14 18 32 34 1 10;0;26 847 222 €
403;02/08/2011;5 8 14 24 33 3 8;0;15 000 000 €
404;29/07/2011;12 19 27 37 38 5 10;1;27 315 669 €
405;26/07/2011;1 5 22 25 48 3 11;0;15 000 000 €
406;22/07/2011;4 15 23 49 50 2 6;2;15 000 000 €
407;19/07/2011;3 16 25 26 35 5 9;1;23 148 546 €
408;15/07/2011;6 26 33 34 39 3 4;0;15 000 000 €
409;12/07/2011;17 19 38 42 45 9 10;1;185 000 000 €
410;08/07/2011;12 13 23 40 49 7 10;0;185 000 000 €
411;05/07/2011;11 28 29 47 49 1 5;0;176 715 803 €
412;01/07/2011;8 11 23 31 46 8 9;0;156 881 529 €
413;28/06/2011;15 16 30 44 50 2 3;0;134 366 394 €
414;24/06/2011;5 16 20 30 41 6 11;0;120 909 822 €
415;21/06/2011;17 20 35 49 50 3 4;0;103 328 216 €
416;17/06/2011;11 16 21 22 44 3 8;0;92 688 909 €
417;14/06/2011;5 12 19 41 48 8 10;0;77 116 731 €
418;10/06/2011;3 19 20 37 48 8 11;0;68 829 142 €
419;07/06/2011;6 25 36 38 40 4 10;0;54 804 890 €
420;03/06/2011;4 39 40 49 50 2 5;0;46 382 251 €
421;31/05/2011;1 9 10 22 50 5 11;0;33 899 735 €
422;27/05/2011;9 17 25 28 49 8 9;0;27 342 236 €
423;24/05/2011;16 23 24 26 29 2 9;0;15 000 000 €
424;20/05/2011;10 14 20 25 42 8 11;1;27 642 654 €
425;17/05/2011;20 21 37 45 46 2 3;0;15 000 000 €
426;13/05/2011;9 11 17 36 47 1 2;1;121 019 633 €
427;10/05/2011;3 10 15 28 45 5 7;0;100 000 000 €
428;06/05/2011;11 16 20 22 28 4 9;1;28 772 008 €
429;29/04/2011;15 25 38 40 41 1 2;0;15 000 000 €
430;22/04/2011;11 22 36 45 48 1 4;1;43 415 570 €
431;15/04/2011;4 6 21 39 41 2 6;0;29 316 256 €
432;08/04/2011;21 23 38 47 50 2 6;0;15 000 000 €
433;01/04/2011;4 17 21 22 33 4 8;1;15 000 000 €
434;25/03/2011;6 12 21 27 33 3 7;2;138 210 534 €
435;18/03/2011;1 13 20 26 50 6 7;0;107 470 965 €
436;11/03/2011;17 19 24 37 46 2 7;0;82 769 625 €
437;04/03/2011;11 25 27 28 41 5 8;0;61 901 148 €
438;25/02/2011;12 13 42 45 48 3 9;0;44 068 144 €
439;18/02/2011;2 3 15 45 49 5 9;0;28 569 174 €
440;11/02/2011;12 14 15 19 23 7 8;0;15 000 000 €
441;04/02/2011;2 11 24 35 47 5 9;5;28 947 730 €
442;28/01/2011;13 23 24 41 42 1 5;0;15 000 000 €
443;21/01/2011;3 11 13 18 21 4 5;2;29 004 254 €
444;14/01/2011;2 14 24 39 44 6 7;0;15 000 000 €
445;07/01/2011;1 22 32 48 50 6 7;1;15 000 000 €
446;28/12/2012;17 24 26 27 49 3 5;0;26 703 677 €
447;25/12/2012;14 18 20 23 32 3 10;0;15 000 000 €
448;21/12/2012;3 5 22 40 42 3 10;1;101 835 641 €
449;18/12/2012;14 18 20 35 44 2 5;0;86 060 443 €
450;14/12/2012;10 11 29 40 43 3 11;0;76 452 078 €
451;11/12/2012;1 4 9 43 50 6 8;0;63 235 218 €
452;07/12/2012;10 16 18 31 42 2 5;0;54 583 279 €
453;04/12/2012;5 10 28 29 44 2 4;0;42 363 921 €
454;30/11/2012;10 18 23 24 40 3 4;0;34 324 723 €
455;27/11/2012;6 10 23 44 49 1 7;0;22 479 773 €
456;23/11/2012;1 9 11 20 40 1 5;0;15 000 000 €
457;20/11/2012;28 30 42 45 49 5 10;1;22 756 968 €
458;16/11/2012;10 15 19 23 41 2 9;0;15 000 000 €
459;13/11/2012;11 16 21 24 29 2 6;1;169 837 010 €
460;09/11/2012;14 21 22 28 47 4 5;0;152 867 729 €
461;06/11/2012;7 20 25 35 41 1 9;0;132 672 800 €
462;02/11/2012;3 6 10 11 44 3 4;0;119 125 945 €
463;30/10/2012;23 24 25 31 44 2 3;0;102 511 027 €
464;26/10/2012;5 6 9 27 38 5 11;0;91 421 975 €
465;23/10/2012;1 28 35 38 50 2 10;0;76 874 851 €
466;19/10/2012;16 29 37 40 44 8 10;0;67 874 748 €
467;16/10/2012;10 32 40 41 49 2 8;0;54 755 945 €
468;12/10/2012;6 7 17 35 43 2 8;0;46 640 893 €
469;09/10/2012;2 8 10 23 25 8 9;0;34 447 603 €
470;05/10/2012;9 16 18 19 21 2 3;0;26 871 790 €
471;02/10/2012;4 16 21 36 42 7 8;0;15 000 000 €
472;28/09/2012;20 23 26 30 33 6 9;1;100 000 000 €
473;25/09/2012;7 25 27 48 49 1 4;0;33 985 873 €
474;21/09/2012;4 19 34 41 43 7 11;0;26 523 681 €
475;18/09/2012;6 7 38 39 44 7 9;0;15 000 000 €
476;14/09/2012;3 10 23 27 44 7 9;1;26 580 854 €
477;11/09/2012;6 15 22 37 44 2 4;0;15 000 000 €
478;07/09/2012;13 15 30 35 42 4 6;1;47 319 633 €
479;04/09/2012;11 17 18 39 44 5 10;0;34 855 964 €
480;31/08/2012;16 28 31 33 48 7 11;0;26 982 209 €
481;28/08/2012;1 18 25 26 44 4 5;0;15 000 000 €
482;24/08/2012;5 6 12 19 37 3 7;1;47 570 390 €
483;21/08/2012;4 5 17 38 48 3 4;0;34 941 089 €
484;17/08/2012;19 25 28 33 44 2 8;0;26 921 509 €
485;14/08/2012;1 16 38 42 45 9 10;0;15 000 000 €
486;10/08/2012;11 17 21 48 50 9 10;1;190 000 000 €
487;07/08/2012;20 27 34 46 50 2 3;0;190 000 000 €
488;03/08/2012;24 34 35 42 46 1 5;0;180 011 715 €
489;31/07/2012;4 29 35 36 39 8 9;0;156 962 440 €
490;27/07/2012;14 15 21 23 48 2 10;0;141 583 959 €
491;24/07/2012;4 16 18 25 44 1 11;0;112 218 632 €
492;20/07/2012;10 19 23 45 49 9 10;0;101 392 999 €
493;17/07/2012;2 7 24 43 46 8 10;0;85 954 935 €
494;13/07/2012;8 18 25 35 46 4 9;0;76 630 917 €
495;10/07/2012;1 3 16 24 37 1 8;0;61 268 725 €
496;06/07/2012;31 32 38 40 42 1 3;0;53 006 942 €
497;03/07/2012;2 7 22 27 40 3 6;0;40 811 640 €
498;29/06/2012;14 17 28 29 39 1 11;0;33 263 796 €
499;26/06/2012;1 11 20 22 35 8 10;0;21 896 089 €
500;22/06/2012;14 18 19 43 49 3 7;0;15 000 000 €
501;19/06/2012;7 17 20 35 50 5 11;1;15 000 000 €
502;15/06/2012;10 22 27 38 48 3 7;2;26 828 456 €
503;12/06/2012;8 15 26 30 48 9 10;0;15 000 000 €
504;08/06/2012;5 11 22 34 40 9 11;2;158 052 844 €
505;05/06/2012;13 34 37 47 49 8 9;0;134 974 395 €
506;01/06/2012;2 4 14 26 36 9 10;0;120 024 029 €
507;29/05/2012;8 15 17 25 28 3 11;0;101 071 615 €
508;25/05/2012;12 22 35 46 49 2 8;0;89 779 597 €
509;22/05/2012;16 31 32 37 41 1 7;0;74 848 794 €
510;18/05/2012;13 29 43 47 50 9 11;0;65 687 547 €
511;15/05/2012;2 11 13 26 50 2 5;0;51 753 790 €
512;11/05/2012;1 13 17 38 44 2 11;0;44 093 380 €
513;08/05/2012;3 21 34 38 48 5 8;0;32 541 206 €
514;04/05/2012;3 26 39 40 41 1 2;0;25 968 725 €
515;01/05/2012;4 5 15 19 41 9 11;0;15 000 000 €
516;27/04/2012;20 27 30 36 43 1 6;1;44 407 281 €
517;24/04/2012;8 9 24 43 48 3 5;0;32 867 376 €
518;20/04/2012;3 6 29 32 41 10 11;0;26 031 384 €
519;17/04/2012;10 28 33 48 49 1 10;0;15 000 000 €
520;13/04/2012;8 13 26 39 43 3 5;1;53 763 217 €
521;10/04/2012;22 25 27 36 37 5 9;0;39 523 670 €
522;06/04/2012;11 20 30 35 45 2 3;0;32 751 944 €
523;03/04/2012;1 8 18 25 30 9 10;0;21 716 352 €
524;30/03/2012;4 17 23 36 46 6 10;0;15 000 000 €
525;27/03/2012;24 27 29 34 36 7 8;1;15 000 000 €
526;23/03/2012;9 15 23 31 50 8 11;1;26 096 499 €
527;20/03/2012;15 16 28 30 46 3 4;0;15 000 000 €
528;16/03/2012;3 4 12 23 50 4 7;1;45 758 710 €
529;13/03/2012;1 10 25 43 47 8 9;0;33 798 147 €
530;09/03/2012;3 32 36 39 47 6 9;0;26 508 061 €
531;06/03/2012;23 24 27 37 47 2 6;0;15 000 000 €
532;02/03/2012;5 6 11 30 44 2 6;1;26 670 951 €
533;28/02/2012;1 10 17 33 48 2 3;0;15 000 000 €
534;24/02/2012;3 7 12 26 34 8 10;1;54 897 476 €
535;21/02/2012;11 14 24 25 29 7 11;0;41 851 240 €
536;17/02/2012;4 11 28 38 47 10 11;0;34 279 343 €
537;14/02/2012;14 27 36 42 46 8 11;0;22 361 166 €
538;10/02/2012;3 8 14 31 41 7 11;0;15 000 000 €
539;07/02/2012;3 15 17 28 33 2 4;1;54 252 968 €
540;03/02/2012;16 19 20 25 28 1 10;0;46 106 653 €
541;31/01/2012;9 34 38 43 45 2 4;0;33 767 650 €
542;27/01/2012;10 13 19 39 44 2 6;0;26 630 721 €
543;24/01/2012;1 2 6 20 36 8 11;0;15 000 000 €
544;20/01/2012;2 10 22 27 28 6 8;1;48 895 464 €
545;17/01/2012;12 22 30 31 44 5 6;0;36 496 417 €
546;13/01/2012;13 14 21 27 39 6 8;0;29 204 007 €
547;10/01/2012;4 9 10 30 40 2 9;0;15 000 000 €
548;06/01/2012;1 6 10 12 31 2 7;2;73 113 564 €
549;03/01/2012;3 30 42 45 49 5 10;0;59 857 419 €
550;31/12/2013;13 20 24 29 45 3 7;0;100 878 708 €
551;27/12/2013;1 6 13 22 28 5 10;0;86 334 915 €
552;24/12/2013;5 19 31 43 50 2 6;0;74 670 405 €
553;20/12/2013;12 13 17 22 43 3 10;0;64 321 006 €
554;17/12/2013;6 8 27 37 41 7 10;0;52 406 869 €
555;13/12/2013;1 22 23 24 31 6 11;0;44 668 268 €
556;10/12/2013;6 24 35 49 50 1 7;0;31 707 067 €
557;06/12/2013;1 2 18 31 36 7 10;0;24 886 473 €
558;03/12/2013;6 13 15 29 32 2 9;0;15 000 000 €
559;29/11/2013;2 7 10 23 43 4 7;1;15 000 000 €
560;26/11/2013;19 23 27 42 44 3 5;1;32 148 861 €
561;22/11/2013;13 25 26 40 50 8 9;0;25 321 675 €
562;19/11/2013;14 15 19 36 45 1 10;0;15 000 000 €
563;15/11/2013;3 13 15 29 42 1 4;1;100 000 000 €
564;12/11/2013;14 29 37 40 48 2 11;0;15 000 000 €
565;08/11/2013;20 28 35 42 43 8 10;2;15 000 000 €
566;05/11/2013;6 12 13 35 38 2 3;1;21 594 781 €
567;01/11/2013;7 19 29 30 33 3 8;0;15 000 000 €
568;29/10/2013;9 10 30 32 37 2 6;1;15 000 000 €
569;25/10/2013;2 3 10 31 38 6 10;1;31 714 028 €
570;22/10/2013;29 33 39 41 44 9 11;0;21 557 573 €
571;18/10/2013;5 25 36 46 47 2 6;0;15 000 000 €
572;15/10/2013;18 27 39 43 47 4 7;1;50 899 071 €
573;11/10/2013;6 12 17 23 43 5 9;0;43 300 447 €
574;08/10/2013;23 24 26 33 42 3 5;0;32 466 476 €
575;04/10/2013;6 20 24 35 50 5 10;0;25 391 202 €
576;01/10/2013;19 23 25 44 48 8 9;0;15 000 000 €
577;27/09/2013;11 15 38 41 43 2 6;1;65 793 284 €
578;24/09/2013;10 20 26 28 43 9 11;0;53 875 031 €
579;20/09/2013;5 11 35 38 45 2 3;0;46 107 180 €
580;17/09/2013;13 17 21 42 44 9 11;0;34 994 367 €
581;13/09/2013;4 6 14 27 33 5 10;0;27 722 709 €
582;10/09/2013;7 11 14 28 30 2 10;0;15 000 000 €
583;06/09/2013;11 23 25 32 37 4 7;2;25 602 948 €
584;03/09/2013;5 9 16 18 42 7 9;0;15 000 000 €
585;30/08/2013;2 17 25 36 45 5 9;2;25 642 224 €
586;27/08/2013;7 30 38 40 43 2 6;0;15 000 000 €
587;23/08/2013;1 6 26 30 37 5 8;1;93 948 087 €
588;20/08/2013;5 11 42 49 50 8 11;0;80 048 874 €
589;16/08/2013;20 24 27 37 39 5 10;0;70 976 896 €
590;13/08/2013;5 17 20 47 50 1 4;0;59 358 856 €
591;09/08/2013;4 7 9 23 24 8 9;0;51 235 800 €
592;06/08/2013;16 17 31 47 49 3 11;0;39 969 189 €
593;02/08/2013;21 36 37 42 48 4 7;0;32 550 628 €
594;30/07/2013;3 4 11 14 43 1 6;0;22 036 079 €
595;26/07/2013;12 23 29 38 49 3 4;0;15 141 986 €
596;23/07/2013;14 15 16 19 44 4 5;1;15 000 000 €
597;19/07/2013;13 16 24 26 35 2 5;1;15 000 000 €
598;16/07/2013;19 23 34 47 50 4 6;1;22 078 146 €
599;12/07/2013;18 26 32 33 42 2 3;0;15 000 000 €
600;09/07/2013;16 18 31 38 49 4 10;1;33 574 531 €
601;05/07/2013;4 12 15 28 33 1 10;0;26 012 633 €
602;02/07/2013;11 13 14 28 30 4 5;0;15 000 000 €
603;28/06/2013;1 15 28 35 47 1 7;1;15 000 000 €
604;25/06/2013;4 5 13 27 35 1 2;2;187 937 614 €
605;21/06/2013;10 11 30 36 45 1 2;0;168 458 397 €
606;18/06/2013;17 24 33 41 44 1 11;0;146 642 974 €
607;14/06/2013;10 25 41 47 48 6 10;0;131 383 087 €
608;11/06/2013;5 7 9 25 41 1 5;0;112 888 839 €
609;07/06/2013;7 14 26 45 50 2 7;0;100 000 000 €
610;04/06/2013;31 33 34 37 40 1 6;0;22 292 668 €
611;31/05/2013;27 28 29 34 43 5 10;0;15 000 000 €
612;28/05/2013;8 13 26 34 38 3 11;1;95 372 874 €
613;24/05/2013;7 17 22 27 40 2 3;0;85 427 113 €
614;21/05/2013;7 8 19 28 29 5 9;0;71 706 904 €
615;17/05/2013;6 20 24 25 50 9 10;0;63 210 305 €
616;14/05/2013;7 8 24 27 36 5 11;0;51 014 670 €
617;10/05/2013;1 32 35 45 48 4 11;0;43 122 368 €
618;07/05/2013;13 27 28 42 43 4 6;0;32 317 752 €
619;03/05/2013;3 5 34 40 49 2 3;0;25 320 531 €
620;30/04/2013;13 36 40 43 50 5 9;0;15 000 000 €
621;26/04/2013;11 16 24 38 40 2 5;1;32 469 030 €
622;23/04/2013;1 4 7 10 50 4 11;0;21 743 067 €
623;19/04/2013;1 8 42 46 48 4 7;0;15 000 000 €
624;16/04/2013;1 11 22 33 50 4 6;1;15 000 000 €
625;12/04/2013;5 10 15 28 45 3 9;1;26 258 943 €
626;09/04/2013;15 35 38 44 48 5 10;0;15 000 000 €
627;05/04/2013;1 11 17 32 39 2 7;2;26 538 894 €
628;02/04/2013;12 17 25 29 41 1 4;0;15 000 000 €
629;29/03/2013;13 30 43 44 46 5 9;1;132 486 744 €
630;26/03/2013;4 26 30 42 44 6 11;0;113 430 166 €
631;22/03/2013;12 27 32 34 49 8 9;0;100 000 000 €
632;19/03/2013;19 32 35 37 44 1 9;0;21 971 382 €
633;15/03/2013;4 14 21 24 39 3 10;0;15 000 000 €
634;12/03/2013;2 4 10 22 50 5 8;1;15 000 000 €
635;08/03/2013;3 20 23 28 42 8 11;1;51 689 985 €
636;05/03/2013;8 19 31 33 39 2 7;0;40 083 119 €
637;01/03/2013;1 11 29 36 42 4 5;0;32 728 379 €
638;26/02/2013;3 12 13 17 30 2 6;0;21 860 645 €
639;22/02/2013;15 16 28 36 37 2 11;0;15 000 000 €
640;19/02/2013;12 15 28 30 44 8 9;1;60 298 933 €
641;15/02/2013;2 4 22 28 42 4 9;0;52 030 590 €
642;12/02/2013;5 11 16 25 28 7 9;0;40 241 884 €
643;08/02/2013;9 11 14 34 44 10 11;0;32 916 240 €
644;05/02/2013;6 25 31 40 45 6 7;0;21 947 416 €
645;01/02/2013;5 21 34 37 38 1 6;0;15 000 000 €
646;29/01/2013;9 16 26 36 39 2 6;2;15 000 000 €
647;25/01/2013;3 10 18 31 37 2 4;1;44 297 359 €
648;22/01/2013;1 10 44 45 48 1 4;0;32 974 711 €
649;18/01/2013;4 26 27 30 39 3 10;0;25 798 102 €
650;15/01/2013;22 38 40 42 47 1 11;0;15 000 000 €
651;11/01/2013;4 22 29 37 41 4 7;1;34 191 508 €
652;08/01/2013;2 20 22 26 47 5 9;0;22 485 855 €
653;04/01/2013;4 10 22 27 41 8 10;0;15 000 000 €
654;01/01/2013;2 7 8 36 49 1 11;3;38 032 608 €
655;30/12/2014;6 18 39 44 50 8 11;1;15 000 000 €
656;26/12/2014;17 26 27 45 49 2 3;1;25 234 535 €
657;23/12/2014;8 9 19 25 49 2 10;0;15 000 000 €
658;19/12/2014;23 29 31 39 44 5 8;1;15 000 000 €
659;16/12/2014;3 7 12 13 25 5 8;1;39 580 687 €
660;12/12/2014;2 15 28 31 37 4 6;0;32 170 285 €
661;09/12/2014;1 3 31 42 46 4 11;0;21 823 076 €
662;05/12/2014;5 8 37 47 48 2 3;0;15 000 000 €
663;02/12/2014;3 15 25 44 49 1 9;1;72 971 665 €
664;28/11/2014;6 10 15 23 41 4 10;0;64 238 836 €
665;25/11/2014;3 7 25 32 36 1 6;0;51 208 489 €
666;21/11/2014;4 7 28 32 37 5 10;0;43 061 336 €
667;18/11/2014;2 3 17 36 38 4 11;0;32 415 734 €
668;14/11/2014;17 32 36 38 48 5 8;0;25 319 129 €
669;11/11/2014;2 14 21 36 46 7 11;0;15 000 000 €
670;07/11/2014;13 25 32 38 46 1 10;2;33 012 470 €
671;04/11/2014;1 6 13 17 26 3 5;0;22 206 694 €
672;31/10/2014;10 13 20 33 41 3 9;0;15 000 000 €
673;28/10/2014;10 15 17 40 45 1 2;1;15 000 000 €
674;24/10/2014;3 9 20 30 42 1 6;1;190 000 000 €
675;21/10/2014;20 21 27 33 40 3 10;0;181 778 812 €
676;17/10/2014;1 13 40 48 49 8 10;0;164 013 958 €
677;14/10/2014;4 5 15 23 32 3 7;0;143 635 162 €
678;10/10/2014;6 29 42 45 47 9 10;0;129 467 190 €
679;07/10/2014;9 21 28 30 38 1 8;0;112 118 982 €
680;03/10/2014;4 13 23 48 50 5 10;0;100 000 000 €
681;30/09/2014;3 13 15 33 42 5 7;1;32 929 188 €
682;26/09/2014;13 27 35 46 47 1 2;0;25 767 850 €
683;23/09/2014;12 13 14 29 35 1 7;0;15 000 000 €
684;19/09/2014;6 8 34 38 48 3 9;1;86 732 923 €
685;16/09/2014;4 29 30 35 50 2 4;0;74 610 475 €
686;12/09/2014;9 13 26 31 33 7 11;0;66 213 888 €
687;09/09/2014;8 15 19 24 35 8 10;0;55 073 280 €
688;05/09/2014;1 18 23 46 50 3 9;0;47 592 168 €
689;02/09/2014;5 25 31 39 45 1 8;0;37 624 288 €
690;29/08/2014;2 9 26 32 38 3 6;0;30 847 109 €
691;26/08/2014;10 22 36 45 48 4 11;0;21 332 468 €
692;22/08/2014;4 17 29 35 49 1 2;0;15 000 000 €
693;19/08/2014;4 7 11 34 47 7 8;1;54 304 297 €
694;15/08/2014;4 5 21 23 30 8 10;0;46 954 024 €
695;12/08/2014;7 16 19 22 33 2 5;0;37 783 516 €
696;08/08/2014;21 29 35 43 46 1 9;0;30 941 693 €
697;05/08/2014;5 7 19 21 42 5 11;0;21 466 842 €
698;01/08/2014;24 44 46 48 50 5 10;0;15 000 000 €
699;29/07/2014;10 23 35 40 43 3 9;1;37 632 166 €
700;25/07/2014;9 10 12 24 43 5 9;0;30 819 744 €
701;22/07/2014;1 24 43 45 50 5 8;0;21 405 298 €
702;18/07/2014;1 11 29 41 43 3 11;0;15 000 000 €
703;15/07/2014;15 18 20 27 34 1 3;1;67 902 166 €
704;11/07/2014;5 22 35 38 49 4 7;0;60 081 769 €
705;08/07/2014;8 18 22 24 27 4 11;0;49 306 200 €
706;04/07/2014;4 18 39 43 47 2 6;0;42 031 147 €
707;01/07/2014;18 22 25 27 39 5 10;0;31 752 213 €
708;27/06/2014;31 33 34 39 45 2 10;0;24 831 312 €
709;24/06/2014;1 7 20 21 48 4 7;0;15 000 000 €
710;20/06/2014;5 15 25 38 49 1 2;1;24 974 879 €
711;17/06/2014;11 13 37 40 48 8 9;0;15 000 000 €
712;13/06/2014;16 18 22 28 46 9 11;1;137 313 501 €
713;10/06/2014;12 18 21 32 33 1 11;0;118 626 756 €
714;06/06/2014;7 25 34 40 49 9 11;0;106 876 333 €
715;03/06/2014;2 15 32 39 44 5 10;0;88 945 682 €
716;30/05/2014;5 24 27 41 45 6 7;0;78 898 283 €
717;27/05/2014;7 13 16 25 26 1 6;0;67 034 874 €
718;23/05/2014;3 8 31 34 47 9 11;0;59 346 874 €
719;20/05/2014;5 33 36 38 47 4 9;0;48 745 949 €
720;16/05/2014;23 26 29 37 40 3 4;0;41 696 345 €
721;13/05/2014;4 13 30 34 47 2 6;0;31 594 762 €
722;09/05/2014;3 21 26 28 45 7 10;0;24 736 691 €
723;06/05/2014;5 19 24 31 37 1 9;0;15 000 000 €
724;02/05/2014;4 30 31 38 42 2 11;1;89 166 455 €
725;29/04/2014;18 23 26 35 44 3 11;0;76 616 042 €
726;25/04/2014;13 21 24 44 49 1 9;0;67 951 355 €
727;22/04/2014;13 15 20 24 46 1 8;0;56 813 879 €
728;18/04/2014;21 24 31 39 47 3 7;0;49 741 996 €
729;15/04/2014;3 14 26 47 50 7 11;0;39 469 425 €
730;11/04/2014;8 12 19 30 33 4 11;0;32 404 758 €
731;08/04/2014;11 18 29 42 49 4 11;0;21 651 231 €
732;04/04/2014;6 10 28 45 50 10 11;0;15 000 000 €
733;01/04/2014;16 18 26 38 44 8 10;1;15 000 000 €
734;28/03/2014;3 4 19 28 43 3 7;1;25 329 483 €
735;25/03/2014;7 20 26 28 50 2 8;0;15 000 000 €
736;21/03/2014;7 30 37 39 42 5 7;1;25 493 153 €
737;18/03/2014;8 27 34 36 39 5 10;0;15 000 000 €
738;14/03/2014;6 24 25 27 30 5 9;1;129 384 564 €
739;11/03/2014;1 4 23 33 44 7 8;0;112 224 513 €
740;07/03/2014;5 10 38 40 41 1 8;0;100 000 000 €
741;04/03/2014;3 5 22 27 44 1 6;0;15 000 000 €
742;28/02/2014;12 32 38 43 44 2 7;1;42 517 715 €
743;25/02/2014;21 25 28 35 42 4 6;0;31 885 464 €
744;21/02/2014;13 17 28 30 32 5 7;0;24 964 477 €
745;18/02/2014;23 26 36 37 49 6 7;0;15 000 000 €
746;14/02/2014;2 4 6 19 39 2 7;1;25 543 227 €
747;11/02/2014;8 17 25 41 47 1 2;0;15 000 000 €
748;07/02/2014;3 17 19 46 47 9 10;1;25 315 477 €
749;04/02/2014;1 21 33 37 38 4 8;0;15 000 000 €
750;31/01/2014;8 10 15 16 31 8 9;1;72 149 579 €
751;28/01/2014;18 20 23 42 48 2 9;0;59 913 845 €
752;24/01/2014;5 19 34 35 41 1 5;0;51 853 731 €
753;21/01/2014;4 12 35 42 48 5 8;0;40 648 762 €
754;17/01/2014;19 26 32 33 42 4 10;0;33 069 927 €
755;14/01/2014;18 20 25 26 37 10 11;0;22 323 820 €
756;10/01/2014;1 2 11 27 29 1 10;0;15 000 000 €
757;07/01/2014;2 20 27 33 45 6 10;2;130 277 772 €
758;03/01/2014;3 27 31 38 44 3 8;0;116 122 939 €
759;29/12/2015;5 20 31 32 36 6 7;0;32 342 225 €
760;25/12/2015;3 10 25 27 40 3 9;0;24 895 055 €
761;22/12/2015;18 19 20 40 41 7 10;0;15 000 000 €
762;18/12/2015;6 22 26 29 48 5 6;1;83 228 800 €
763;15/12/2015;8 11 23 27 35 4 11;0;71 034 372 €
764;11/12/2015;3 5 21 40 43 6 11;0;62 650 170 €
765;08/12/2015;12 17 29 38 48 9 11;0;51 436 264 €
766;04/12/2015;8 17 18 27 39 1 7;0;44 266 153 €
767;01/12/2015;2 15 25 35 45 8 10;0;33 518 353 €
768;27/11/2015;16 29 30 37 50 6 8;0;26 179 692 €
769;24/11/2015;9 14 16 17 26 10 11;0;15 000 000 €
770;20/11/2015;4 30 34 46 49 7 8;1;163 553 041 €
771;17/11/2015;6 7 23 37 38 10 11;0;144 587 700 €
772;13/11/2015;10 17 18 33 40 2 8;0;130 868 296 €
773;10/11/2015;6 13 18 39 43 2 8;0;111 997 290 €
774;06/11/2015;3 17 26 38 40 4 10;0;100 000 000 €
775;03/11/2015;8 27 39 46 49 2 6;0;55 033 448 €
776;30/10/2015;8 13 17 21 34 6 7;0;47 542 339 €
777;27/10/2015;11 12 20 25 36 6 9;0;37 252 483 €
778;23/10/2015;7 25 30 32 39 2 8;0;30 630 412 €
779;20/10/2015;17 19 21 30 45 8 10;0;21 280 290 €
780;16/10/2015;7 28 29 43 48 3 10;0;15 000 000 €
781;13/10/2015;12 15 26 29 47 3 11;2;30 878 428 €
782;09/10/2015;1 40 42 43 47 9 11;0;24 386 729 €
783;06/10/2015;11 20 22 29 32 1 8;0;15 000 000 €
784;02/10/2015;7 18 21 32 35 2 11;1;15 000 000 €
785;29/09/2015;11 14 26 29 49 3 9;1;15 000 000 €
786;25/09/2015;13 14 23 30 37 2 8;1;47 772 431 €
787;22/09/2015;14 23 26 27 29 7 10;0;37 424 463 €
788;18/09/2015;7 29 33 34 39 7 8;0;30 788 012 €
789;15/09/2015;8 15 17 44 49 5 8;0;21 398 749 €
790;11/09/2015;10 18 19 29 50 1 9;0;15 000 000 €
791;08/09/2015;14 16 39 40 42 1 4;1;30 904 640 €
792;04/09/2015;8 9 27 45 50 8 10;0;24 335 146 €
793;01/09/2015;6 19 21 27 45 1 8;0;15 000 000 €
794;28/08/2015;11 29 30 31 34 4 7;1;15 000 000 €
795;25/08/2015;27 31 33 42 50 2 5;1;30 507 122 €
796;21/08/2015;4 16 18 43 47 6 10;0;23 986 424 €
797;18/08/2015;7 10 11 12 19 2 9;0;15 000 000 €
798;14/08/2015;4 7 39 44 45 3 5;1;40 297 743 €
799;11/08/2015;2 3 8 15 16 4 11;0;30 648 924 €
800;07/08/2015;1 5 21 39 44 4 11;0;24 090 340 €
801;04/08/2015;10 15 39 45 50 9 10;0;15 000 000 €
802;31/07/2015;16 21 34 40 50 6 9;1;24 939 216 €
803;28/07/2015;23 32 36 43 49 7 8;0;15 000 000 €
804;24/07/2015;2 9 21 35 46 2 11;1;40 468 528 €
805;21/07/2015;14 20 27 29 44 7 10;0;30 754 406 €
806;17/07/2015;1 21 22 43 48 7 9;0;24 215 184 €
807;14/07/2015;6 18 19 34 36 1 8;0;15 000 000 €
808;10/07/2015;5 8 15 35 41 4 5;1;40 998 254 €
809;07/07/2015;6 7 18 33 41 3 10;0;31 077 433 €
810;03/07/2015;11 12 15 18 44 3 9;0;24 398 282 €
811;30/06/2015;11 15 28 34 37 1 8;0;15 000 000 €
812;26/06/2015;3 6 10 19 24 5 7;1;25 263 266 €
813;23/06/2015;4 16 22 38 49 6 9;0;15 000 000 €
814;19/06/2015;7 14 20 31 42 3 9;1;24 835 107 €
815;16/06/2015;10 15 16 36 37 3 9;0;15 000 000 €
816;12/06/2015;5 8 10 11 37 7 9;1;129 204 405 €
817;09/06/2015;5 9 17 32 34 6 8;0;112 140 115 €
818;05/06/2015;2 7 8 45 48 1 9;0;100 000 000 €
819;02/06/2015;7 23 29 37 41 1 8;0;21 811 079 €
820;29/05/2015;3 4 20 45 48 6 8;0;15 000 000 €
821;26/05/2015;5 6 7 21 24 5 6;1;37 682 171 €
822;22/05/2015;18 24 35 44 45 5 11;0;31 141 927 €
823;19/05/2015;26 30 31 35 37 8 11;0;21 489 111 €
824;15/05/2015;5 35 42 44 47 8 9;0;15 000 000 €
825;12/05/2015;14 29 30 40 46 3 6;1;47 879 234 €
826;08/05/2015;7 14 19 47 49 3 10;0;40 655 810 €
827;05/05/2015;1 10 17 20 42 8 9;0;30 744 734 €
828;01/05/2015;3 19 20 25 26 6 10;0;23 963 701 €
829;28/04/2015;24 26 28 36 45 7 10;0;15 000 000 €
830;24/04/2015;5 19 29 31 40 3 10;1;50 731 331 €
831;21/04/2015;6 14 17 42 45 1 8;0;39 055 477 €
832;17/04/2015;2 24 30 34 39 8 11;0;31 605 188 €
833;14/04/2015;24 32 34 35 49 1 2;0;21 697 826 €
834;10/04/2015;22 23 25 30 43 5 9;0;15 000 000 €
835;07/04/2015;18 25 39 44 50 5 8;1;21 449 918 €
836;03/04/2015;27 29 37 39 49 2 4;0;15 000 000 €
837;31/03/2015;8 20 24 28 49 8 9;1;73 584 056 €
838;27/03/2015;2 30 32 39 44 6 10;0;65 065 695 €
839;24/03/2015;10 24 26 39 40 3 10;0;52 905 388 €
840;20/03/2015;3 14 37 42 48 1 10;0;45 000 000 €
841;17/03/2015;11 23 26 38 44 1 8;0;33 000 000 €
842;13/03/2015;4 5 18 22 23 1 3;0;27 214 552 €
843;10/03/2015;2 6 23 30 31 2 10;0;15 000 000 €
844;06/03/2015;23 30 47 49 50 2 7;1;100 000 000 €
845;03/03/2015;6 8 11 13 21 7 8;0;81 055 085 €
846;27/02/2015;5 14 17 25 47 9 10;0;71 791 059 €
847;24/02/2015;3 25 28 34 50 1 11;0;58 852 109 €
848;20/02/2015;4 10 14 37 46 4 7;0;51 125 126 €
849;17/02/2015;2 5 18 30 43 1 10;0;40 422 821 €
850;13/02/2015;12 24 39 42 44 3 11;0;33 327 954 €
851;10/02/2015;13 17 20 30 45 9 10;0;21 653 156 €
852;06/02/2015;10 26 30 39 50 7 8;0;15 000 000 €
853;03/02/2015;17 31 33 44 50 7 11;1;15 000 000 €
854;30/01/2015;9 13 15 19 24 3 8;2;15 000 000 €
855;27/01/2015;5 10 31 33 40 8 10;1;21 715 116 €
856;23/01/2015;6 29 30 38 45 1 8;0;15 000 000 €
857;20/01/2015;15 33 41 44 47 8 10;2;32 539 304 €
858;16/01/2015;29 30 32 34 46 3 6;0;25 492 644 €
859;13/01/2015;8 17 21 31 34 9 10;0;15 000 000 €
860;09/01/2015;6 21 24 32 45 1 11;1;31 666 941 €
861;06/01/2015;14 20 30 38 49 3 4;0;21 570 078 €
862;02/01/2015;22 24 25 28 49 3 6;0;15 000 000 €
863;30/12/2016;8 10 22 29 47 1 3;0;17 000 000 €
864;27/12/2016;3 22 25 32 39 7 12;1;25 251 858 €
865;23/12/2016;4 16 20 39 46 2 5;0;17 000 000 €
866;20/12/2016;13 15 17 21 27 2 3;1;61 653 352 €
867;16/12/2016;6 10 30 41 45 4 11;0;51 365 465 €
868;13/12/2016;14 28 29 48 50 2 8;0;38 164 327 €
869;09/12/2016;6 12 28 37 40 1 5;0;29 101 354 €
870;06/12/2016;1 7 11 27 45 4 9;0;17 000 000 €
871;02/12/2016;6 11 23 31 32 2 12;1;29 377 167 €
872;29/11/2016;21 26 27 28 38 9 11;0;17 000 000 €
873;25/11/2016;5 11 17 23 28 10 11;2;61 141 778 €
874;22/11/2016;5 10 33 34 47 2 10;0;44 606 876 €
875;18/11/2016;3 12 27 32 47 6 8;0;36 226 400 €
876;15/11/2016;7 15 36 42 48 3 7;0;25 643 917 €
877;11/11/2016;3 22 23 38 49 2 9;0;17 000 000 €
878;08/11/2016;5 9 47 49 50 8 9;1;39 336 342 €
879;04/11/2016;7 11 12 44 48 3 7;0;30 088 611 €
880;01/11/2016;6 10 20 29 37 1 9;0;17 000 000 €
881;28/10/2016;10 16 19 23 43 2 8;1;17 375 733 €
882;25/10/2016;3 15 20 21 28 1 5;1;50 108 729 €
883;21/10/2016;9 20 23 44 48 8 10;0;39 871 819 €
884;18/10/2016;2 17 21 25 27 6 9;0;26 452 819 €
885;14/10/2016;7 13 19 31 34 1 11;0;17 000 000 €
886;11/10/2016;5 12 20 24 37 4 11;1;168 085 323 €
887;07/10/2016;2 12 20 27 30 9 11;0;160 262 012 €
888;04/10/2016;4 7 14 34 38 4 11;0;140 796 507 €
889;30/09/2016;17 35 37 43 44 2 10;0;130 000 000 €
890;27/09/2016;6 9 13 39 41 2 12;0;17 000 000 €
891;23/09/2016;14 16 39 42 49 3 9;1;23 850 387 €
892;20/09/2016;1 4 10 41 45 6 9;0;15 000 000 €
893;16/09/2016;5 8 14 22 32 2 11;1;39 758 892 €
894;13/09/2016;4 7 16 35 44 1 3;0;30 386 703 €
895;09/09/2016;4 11 15 17 28 1 3;0;23 906 431 €
896;06/09/2016;12 24 30 34 45 7 10;0;15 000 000 €
897;02/09/2016;8 16 32 40 50 2 11;5;39 204 300 €
898;30/08/2016;13 16 29 35 42 6 8;0;30 018 586 €
899;26/08/2016;1 9 28 30 48 7 8;0;23 748 325 €
900;23/08/2016;2 23 31 37 45 4 8;0;15 000 000 €
901;19/08/2016;5 6 22 25 34 5 7;1;54 894 441 €
902;16/08/2016;2 26 34 37 46 4 8;0;45 434 119 €
903;12/08/2016;2 15 28 36 50 2 11;0;39 134 895 €
904;09/08/2016;12 19 43 44 45 5 10;0;30 094 448 €
905;05/08/2016;16 19 24 35 37 2 7;0;23 739 151 €
906;02/08/2016;2 8 27 38 46 2 6;0;15 000 000 €
907;29/07/2016;1 21 26 40 50 2 4;1;72 413 419 €
908;26/07/2016;3 10 13 45 49 2 11;0;61 762 146 €
909;22/07/2016;7 24 26 37 45 5 9;0;54 603 405 €
910;19/07/2016;19 24 28 36 37 3 6;0;45 336 960 €
911;15/07/2016;2 11 13 14 21 1 8;0;38 892 370 €
912;12/07/2016;3 7 26 33 41 2 10;0;30 023 216 €
913;08/07/2016;8 12 18 33 44 4 8;0;23 725 445 €
914;05/07/2016;1 10 29 38 48 3 4;0;15 000 000 €
915;01/07/2016;2 11 13 40 50 1 10;1;23 845 060 €
916;28/06/2016;26 32 37 43 49 4 5;0;15 000 000 €
917;24/06/2016;11 19 27 28 39 3 10;1;39 675 953 €
918;21/06/2016;5 17 32 35 49 1 5;0;30 372 881 €
919;17/06/2016;1 7 18 27 43 4 8;0;23 930 261 €
920;14/06/2016;13 34 39 42 50 9 11;0;15 000 000 €
921;10/06/2016;14 21 35 42 43 7 9;1;85 076 371 €
922;07/06/2016;19 26 35 45 49 2 5;0;73 037 327 €
923;03/06/2016;7 23 31 33 39 6 10;0;64 670 541 €
924;31/05/2016;6 12 26 30 48 6 7;0;54 237 617 €
925;27/05/2016;13 25 27 43 46 4 8;0;47 024 763 €
926;24/05/2016;16 17 23 34 37 6 9;0;37 111 646 €
927;20/05/2016;9 14 30 41 45 4 9;0;30 459 055 €
928;17/05/2016;15 27 32 36 39 3 10;0;21 222 202 €
929;13/05/2016;7 15 28 31 42 10 11;0;15 000 000 €
930;10/05/2016;2 26 27 40 49 5 10;1;73 002 277 €
931;06/05/2016;32 34 40 45 48 1 10;0;64 875 525 €
932;03/05/2016;8 23 24 34 38 3 7;0;54 692 521 €
933;29/04/2016;4 5 25 28 43 6 11;0;47 533 440 €
934;26/04/2016;10 17 31 32 42 2 5;0;37 322 168 €
935;22/04/2016;17 26 32 34 43 2 10;0;30 597 280 €
936;19/04/2016;11 14 15 27 44 2 7;0;21 367 277 €
937;15/04/2016;13 14 32 37 48 1 7;0;15 000 000 €
938;12/04/2016;1 5 9 22 38 2 10;1;65 001 096 €
939;08/04/2016;6 8 26 43 49 6 10;0;57 250 091 €
940;05/04/2016;3 5 9 19 40 2 5;0;46 881 020 €
941;01/04/2016;2 16 23 25 49 6 9;0;39 814 046 €
942;29/03/2016;1 4 19 25 36 3 11;0;30 177 602 €
943;25/03/2016;12 19 36 42 43 5 8;0;24 008 507 €
944;22/03/2016;12 15 26 42 49 5 8;0;15 000 000 €
945;18/03/2016;14 19 21 24 49 5 11;1;59 687 034 €
946;15/03/2016;5 7 10 34 44 2 10;0;49 339 787 €
947;11/03/2016;1 21 26 40 43 6 9;0;42 155 766 €
948;08/03/2016;1 8 9 14 23 1 7;0;32 079 575 €
949;04/03/2016;9 14 16 23 40 1 5;0;25 106 903 €
950;01/03/2016;4 7 13 28 37 10 11;0;15 000 000 €
951;26/02/2016;5 13 15 33 50 9 11;1;15 000 000 €
952;23/02/2016;23 25 32 37 42 1 11;1;31 340 088 €
953;19/02/2016;13 14 30 32 39 3 9;0;24 499 669 €
954;16/02/2016;3 10 22 37 50 6 10;0;15 000 000 €
955;12/02/2016;3 20 28 31 49 2 5;1;32 002 496 €
956;09/02/2016;6 9 13 28 37 4 5;0;21 863 824 €
957;05/02/2016;3 27 32 41 46 4 8;0;15 000 000 €
958;02/02/2016;6 9 10 21 36 2 6;1;15 000 000 €
959;29/01/2016;1 5 23 29 32 1 7;2;132 376 632 €
960;26/01/2016;15 24 38 40 48 2 9;0;116 044 888 €
961;22/01/2016;10 12 27 30 47 8 9;0;104 897 313 €
962;19/01/2016;2 30 38 43 46 2 7;0;91 076 034 €
963;15/01/2016;10 19 38 43 46 1 11;0;81 942 693 €
964;12/01/2016;1 2 10 30 44 1 8;0;69 720 920 €
965;08/01/2016;5 26 33 35 40 3 8;0;61 385 482 €
966;05/01/2016;6 10 31 36 39 6 10;0;49 900 228 €
967;01/01/2016;4 37 38 39 44 4 7;0;42 094 520 €
968;29/12/2017;4 8 22 23 48 1 12;1;38 906 715 €
969;26/12/2017;4 17 30 43 44 2 10;0;24 717 288 €
970;22/12/2017;5 24 30 31 43 3 6;0;17 000 000 €
971;19/12/2017;8 15 30 38 46 4 7;1;135 346 147 €
972;15/12/2017;25 30 31 42 50 2 11;0;126 429 055 €
973;12/12/2017;20 37 39 44 50 4 8;0;115 458 908 €
974;08/12/2017;4 22 30 32 34 3 4;0;107 213 099 €
975;05/12/2017;11 36 43 44 48 2 7;0;97 420 825 €
976;01/12/2017;5 24 29 35 46 11 12;0;90 060 314 €
977;28/11/2017;1 6 12 18 42 2 7;0;80 976 656 €
978;24/11/2017;19 24 28 30 50 3 10;0;74 515 266 €
979;21/11/2017;2 10 14 28 31 5 7;0;61 046 362 €
980;17/11/2017;20 26 35 36 42 5 12;0;51 634 094 €
981;14/11/2017;14 16 39 40 41 8 10;0;38 477 171 €
982;10/11/2017;13 22 29 36 37 1 9;0;29 800 638 €
983;07/11/2017;7 19 20 37 41 2 12;0;17 000 000 €
984;03/11/2017;5 12 17 33 41 4 9;1;28 709 464 €
985;31/10/2017;1 12 36 43 46 3 5;0;17 000 000 €
986;27/10/2017;3 16 23 32 39 1 4;1;17 000 000 €
987;24/10/2017;9 11 13 27 33 7 10;1;65 407 072 €
988;20/10/2017;4 17 23 27 30 3 8;0;55 649 983 €
989;17/10/2017;13 17 19 26 36 2 3;0;42 395 360 €
990;13/10/2017;23 29 37 45 50 5 11;0;33 140 111 €
991;10/10/2017;4 21 34 36 37 3 6;0;17 000 000 €
992;06/10/2017;1 9 15 19 25 1 7;1;190 000 000 €
993;03/10/2017;6 24 32 48 50 1 5;0;190 000 000 €
994;29/09/2017;7 18 19 32 48 3 7;0;178 941 892 €
995;26/09/2017;1 29 40 41 48 6 12;0;163 620 566 €
996;22/09/2017;6 11 31 39 42 1 3;0;152 701 511 €
997;19/09/2017;1 8 21 30 45 2 3;0;139 531 728 €
998;15/09/2017;13 18 37 44 49 9 12;0;130 000 000 €
999;12/09/2017;10 17 27 29 35 4 11;0;37 430 146 €
1000;08/09/2017;9 24 42 47 49 1 5;0;28 504 963 €
1001;05/09/2017;6 9 18 28 29 1 9;0;17 000 000 €
1002;01/09/2017;3 7 8 14 49 5 8;1;28 287 321 €
1003;29/08/2017;4 12 15 32 38 1 5;0;17 000 000 €
1004;25/08/2017;1 5 7 15 47 9 12;1;17 000 000 €
1005;22/08/2017;3 10 12 17 27 3 5;1;44 105 265 €
1006;18/08/2017;2 24 39 42 45 2 8;0;35 595 611 €
1007;15/08/2017;10 14 30 35 46 4 10;0;24 238 049 €
1008;11/08/2017;18 28 39 46 48 5 12;0;17 000 000 €
1009;08/08/2017;15 25 26 40 41 4 5;1;36 563 144 €
1010;04/08/2017;29 30 36 40 41 2 9;0;28 246 597 €
1011;01/08/2017;14 21 24 29 30 8 10;0;17 000 000 €
1012;28/07/2017;5 9 29 31 41 2 4;1;57 871 110 €
1013;25/07/2017;12 14 43 44 48 2 11;0;45 205 505 €
1014;21/07/2017;1 8 9 26 49 5 9;0;36 567 350 €
1015;18/07/2017;1 25 27 41 45 5 7;0;25 104 936 €
1016;14/07/2017;11 14 20 21 47 7 10;0;17 000 000 €
1017;11/07/2017;14 22 26 42 50 8 10;1;17 000 000 €
1018;07/07/2017;11 20 35 37 45 3 6;1;28 975 630 €
1019;04/07/2017;10 22 25 37 49 5 8;0;17 000 000 €
1020;30/06/2017;17 35 39 47 50 6 8;1;100 000 000 €
1021;27/06/2017;9 17 21 28 45 1 3;0;79 203 977 €
1022;23/06/2017;3 4 21 31 38 3 7;0;72 762 689 €
1023;20/06/2017;11 18 26 43 44 8 10;0;59 644 334 €
1024;16/06/2017;15 17 38 41 42 9 12;0;50 405 630 €
1025;13/06/2017;3 12 22 27 49 4 11;0;38 110 538 €
1026;09/06/2017;9 20 27 39 43 10 11;0;29 190 553 €
1027;06/06/2017;20 22 25 37 40 3 7;0;17 000 000 €
1028;02/06/2017;8 10 24 33 42 3 9;1;153 873 716 €
1029;30/05/2017;7 12 27 38 48 6 9;0;139 962 742 €
1030;26/05/2017;5 7 26 36 39 2 10;0;130 028 601 €
1031;23/05/2017;8 15 25 27 42 1 4;0;118 337 309 €
1032;19/05/2017;9 11 12 19 30 4 9;0;109 192 064 €
1033;16/05/2017;8 11 15 20 30 3 8;0;98 136 932 €
1034;12/05/2017;2 20 28 29 44 3 9;0;90 507 121 €
1035;09/05/2017;8 12 16 22 26 6 7;0;81 075 588 €
1036;05/05/2017;3 7 30 35 43 1 3;0;74 483 969 €
1037;02/05/2017;6 19 23 25 27 11 12;0;66 014 926 €
1038;28/04/2017;14 20 25 30 39 2 8;0;57 367 996 €
1039;25/04/2017;9 11 19 32 43 3 9;0;44 628 597 €
1040;21/04/2017;2 13 16 22 49 4 5;0;36 047 524 €
1041;18/04/2017;17 22 31 38 45 5 12;0;24 655 351 €
1042;14/04/2017;4 14 20 23 33 6 10;0;17 000 000 €
1043;11/04/2017;5 21 22 31 49 2 8;1;83 397 527 €
1044;07/04/2017;2 10 19 35 50 6 7;0;76 652 440 €
1045;04/04/2017;1 9 24 33 34 2 6;0;68 205 610 €
1046;31/03/2017;17 24 26 28 45 4 12;0;58 432 786 €
1047;28/03/2017;9 13 31 33 46 6 10;0;45 620 296 €
1048;24/03/2017;2 17 21 27 34 5 9;0;36 870 612 €
1049;21/03/2017;1 20 23 44 47 4 11;0;25 165 272 €
1050;17/03/2017;6 10 19 29 36 3 9;0;17 000 000 €
1051;14/03/2017;3 5 21 36 44 3 6;1;80 571 199 €
1052;10/03/2017;31 36 38 47 49 8 11;0;73 878 559 €
1053;07/03/2017;6 37 41 48 50 4 5;0;59 887 734 €
1054;03/03/2017;2 11 29 30 47 1 12;0;50 129 163 €
1055;28/02/2017;10 20 31 35 42 2 12;0;37 350 466 €
1056;24/02/2017;2 4 13 22 43 8 9;0;28 811 185 €
1057;21/02/2017;13 19 41 45 49 3 4;0;17 000 000 €
1058;17/02/2017;19 25 33 36 48 2 9;1;17 000 000 €
1059;14/02/2017;2 10 24 40 44 3 10;2;47 141 418 €
1060;10/02/2017;7 21 26 35 43 2 9;0;37 000 000 €
1061;07/02/2017;4 10 31 38 44 8 10;0;25 000 000 €
1062;03/02/2017;3 4 15 46 50 5 9;0;17 000 000 €
1063;31/01/2017;3 4 17 23 44 6 9;1;25 880 509 €
1064;27/01/2017;17 20 28 45 48 5 9;0;17 000 000 €
1065;24/01/2017;1 5 7 17 23 3 8;1;88 587 275 €
1066;20/01/2017;10 17 27 31 49 3 5;0;80 000 000 €
1067;17/01/2017;4 16 25 43 47 2 10;0;71 000 000 €
1068;13/01/2017;3 7 16 26 50 4 7;0;61 000 000 €
1069;10/01/2017;2 11 29 35 44 4 9;0;45 000 000 €
1070;06/01/2017;10 14 18 21 49 9 11;0;37 000 000 €
1071;03/01/2017;19 23 27 34 49 1 11;0;25 000 000 €
1072;28/12/2018;13 16 34 35 45 10 12;0;120 363 454 €
1073;25/12/2018;4 5 8 31 43 2 9;0;109 785 346 €
1074;21/12/2018;2 12 15 34 50 3 4;0;102 382 992 €
1075;18/12/2018;1 9 18 39 48 5 7;0;92 347 677 €
1076;14/12/2018;12 29 38 42 44 2 12;0;85 503 050 €
1077;11/12/2018;4 7 13 23 42 1 3;0;77 047 465 €
1078;07/12/2018;11 17 26 37 48 1 10;0;70 885 902 €
1079;04/12/2018;19 20 21 42 45 8 9;0;58 045 709 €
1080;30/11/2018;3 10 12 23 26 1 12;0;48 850 310 €
1081;27/11/2018;4 16 17 18 32 2 11;0;36 531 328 €
1082;23/11/2018;5 8 25 26 30 3 10;0;28 078 913 €
1083;20/11/2018;6 19 39 45 48 7 12;0;17 000 000 €
1084;16/11/2018;9 10 13 28 41 1 12;1;50 340 148 €
1085;13/11/2018;2 7 10 13 42 3 6;0;38 112 925 €
1086;09/11/2018;14 17 32 37 49 11 12;0;29 387 682 €
1087;06/11/2018;14 24 36 40 43 2 9;0;17 000 000 €
1088;02/11/2018;5 15 17 37 44 7 11;1;87 021 202 €
1089;30/10/2018;17 23 27 43 44 1 12;0;78 587 093 €
1090;26/10/2018;5 18 21 31 35 6 9;0;72 210 652 €
1091;23/10/2018;1 2 5 21 32 2 12;0;58 925 021 €
1092;19/10/2018;1 3 29 47 48 3 12;0;49 434 483 €
1093;16/10/2018;15 28 37 40 42 1 6;0;37 140 191 €
1094;12/10/2018;4 9 12 31 43 5 8;0;28 511 487 €
1095;09/10/2018;3 12 36 44 45 8 11;0;17 000 000 €
1096;05/10/2018;8 16 24 26 35 3 11;1;17 000 000 €
1097;02/10/2018;7 17 29 37 45 3 11;1;162 403 002 €
1098;28/09/2018;2 4 8 27 50 2 9;0;151 876 472 €
1099;25/09/2018;6 15 20 30 38 4 7;0;139 272 150 €
1100;21/09/2018;5 7 21 25 37 3 4;0;130 000 000 €
1101;18/09/2018;3 8 10 32 45 4 12;0;45 748 295 €
1102;14/09/2018;1 3 33 40 45 3 4;0;36 785 881 €
1103;11/09/2018;9 18 32 38 46 2 3;0;25 114 954 €
1104;07/09/2018;4 23 27 31 50 1 8;0;17 000 000 €
1105;04/09/2018;5 14 28 30 47 4 11;1;45 447 459 €
1106;31/08/2018;4 30 31 38 42 4 6;0;36 535 987 €
1107;28/08/2018;4 16 32 42 46 8 12;0;25 031 511 €
1108;24/08/2018;3 14 31 36 50 1 12;0;17 000 000 €
1109;21/08/2018;16 23 42 43 49 10 12;1;107 839 228 €
1110;17/08/2018;2 15 18 24 43 8 12;0;99 896 146 €
1111;14/08/2018;1 15 18 25 31 9 11;0;90 786 197 €
1112;10/08/2018;18 20 36 43 44 3 9;0;83 831 487 €
1113;07/08/2018;16 28 29 30 36 8 10;0;75 479 227 €
1114;03/08/2018;7 26 36 38 43 6 12;0;69 369 394 €
1115;31/07/2018;20 25 34 42 45 6 11;0;56 774 958 €
1116;27/07/2018;11 17 22 23 41 6 11;0;47 636 023 €
1117;24/07/2018;2 4 23 39 40 3 9;0;35 993 507 €
1118;20/07/2018;2 15 40 43 46 3 6;0;27 914 266 €
1119;17/07/2018;4 6 27 48 50 1 11;0;17 000 000 €
1120;13/07/2018;1 4 14 21 49 2 12;1;17 000 000 €
1121;10/07/2018;3 8 26 33 45 7 10;1;65 538 512 €
1122;06/07/2018;8 30 33 38 48 2 10;0;56 241 097 €
1123;03/07/2018;1 12 15 29 48 3 5;0;44 211 419 €
1124;29/06/2018;15 21 23 40 48 3 12;0;35 759 659 €
1125;26/06/2018;15 16 20 34 50 4 7;0;24 657 714 €
1126;22/06/2018;14 25 39 41 44 2 8;0;17 000 000 €
1127;19/06/2018;7 19 26 42 50 4 9;1;36 158 964 €
1128;15/06/2018;23 26 33 38 49 1 12;0;28 072 727 €
1129;12/06/2018;7 21 23 36 38 6 8;0;17 000 000 €
1130;08/06/2018;8 19 32 43 46 2 8;1;17 000 000 €
1131;05/06/2018;9 15 22 39 46 4 5;1;17 000 000 €
1132;01/06/2018;17 18 24 29 40 4 5;2;74 290 358 €
1133;29/05/2018;6 11 20 38 43 2 4;0;66 136 267 €
1134;25/05/2018;13 15 16 28 41 4 5;0;57 140 617 €
1135;22/05/2018;1 11 37 41 48 8 12;0;44 872 308 €
1136;18/05/2018;5 8 10 13 31 3 6;0;36 663 314 €
1137;15/05/2018;4 16 20 31 39 2 12;0;25 146 151 €
1138;11/05/2018;3 22 34 49 50 8 11;0;17 000 000 €
1139;08/05/2018;17 25 35 39 44 2 5;1;45 566 998 €
1140;04/05/2018;6 12 23 39 45 9 12;0;36 945 285 €
1141;01/05/2018;6 15 17 42 48 4 6;0;24 728 362 €
1142;27/04/2018;12 24 40 41 46 5 12;0;17 000 000 €
1143;24/04/2018;20 23 28 30 44 3 7;1;138 724 202 €
1144;20/04/2018;3 16 25 39 44 7 11;0;130 000 000 €
1145;17/04/2018;15 27 33 39 50 4 6;0;25 723 280 €
1146;13/04/2018;5 25 34 48 50 6 7;0;17 000 000 €
1147;10/04/2018;14 27 39 46 48 11 12;1;17 000 000 €
1148;06/04/2018;1 29 33 45 47 4 8;1;76 119 641 €
1149;03/04/2018;3 8 16 40 43 5 8;0;67 723 106 €
1150;30/03/2018;12 17 28 35 47 7 11;0;58 701 125 €
1151;27/03/2018;17 20 23 40 46 9 10;0;46 327 391 €
1152;23/03/2018;5 7 11 46 50 8 11;0;37 457 698 €
1153;20/03/2018;26 29 37 39 44 9 11;0;25 434 576 €
1154;16/03/2018;4 17 24 27 31 10 11;0;17 000 000 €
1155;13/03/2018;9 11 13 33 49 6 12;1;61 521 581 €
1156;09/03/2018;9 14 21 32 44 1 12;0;51 518 629 €
1157;06/03/2018;15 20 26 31 44 2 9;0;38 461 489 €
1158;02/03/2018;2 7 34 45 48 1 12;0;29 164 811 €
1159;27/02/2018;3 31 41 48 50 8 11;0;17 000 000 €
1160;23/02/2018;10 17 18 28 47 3 7;2;177 724 496 €
1161;20/02/2018;6 14 19 25 29 5 11;0;161 121 640 €
1162;16/02/2018;10 12 23 32 50 4 10;0;150 559 073 €
1163;13/02/2018;10 13 17 21 44 1 10;0;138 421 493 €
1164;09/02/2018;22 31 36 38 44 1 11;0;129 291 731 €
1165;06/02/2018;8 17 28 34 38 6 12;0;117 593 590 €
1166;02/02/2018;14 34 36 39 48 2 3;0;108 738 581 €
1167;30/01/2018;11 15 21 27 35 4 5;0;98 248 326 €
1168;26/01/2018;6 15 24 28 48 4 9;0;91 021 687 €
1169;23/01/2018;5 8 9 23 24 7 8;0;81 794 527 €
1170;19/01/2018;3 8 17 44 50 2 7;0;75 062 595 €
1171;16/01/2018;20 23 31 34 46 3 12;0;61 162 041 €
1172;12/01/2018;13 21 23 30 45 4 6;0;51 154 443 €
1173;09/01/2018;6 12 15 38 49 2 9;0;37 933 940 €
1174;05/01/2018;2 5 20 38 41 4 8;0;28 911 186 €
1175;02/01/2018;10 20 21 28 48 1 8;0;17 000 000 €
1176;31/12/2019;26 31 33 41 48 2 4;0;52 720 345 €
1177;27/12/2019;1 7 22 26 35 5 10;0;38 682 870 €
1178;24/12/2019;3 11 13 14 47 3 6;0;27 481 033 €
1179;20/12/2019;8 24 30 32 34 3 4;0;17 000 000 €
1180;17/12/2019;1 7 12 25 49 6 9;1;48 949 099 €
1181;13/12/2019;9 16 18 23 32 2 10;0;39 409 788 €
1182;10/12/2019;2 10 19 21 47 2 8;0;25 800 035 €
1183;06/12/2019;1 3 27 39 46 1 10;0;17 000 000 €
1184;03/12/2019;18 31 32 38 48 4 12;1;48 061 132 €
1185;29/11/2019;3 7 12 42 50 6 8;0;38 399 547 €
1186;26/11/2019;2 3 15 19 34 5 8;0;25 884 845 €
1187;22/11/2019;3 21 32 34 48 3 11;0;17 000 000 €
1188;19/11/2019;8 10 15 30 42 4 6;1;122 766 852 €
1189;15/11/2019;3 13 20 32 34 4 11;0;114 675 404 €
1190;12/11/2019;1 21 23 25 39 2 4;0;104 800 336 €
1191;08/11/2019;8 17 20 23 45 2 8;0;97 372 165 €
1192;05/11/2019;9 14 25 33 48 2 12;0;87 082 433 €
1193;01/11/2019;2 20 39 44 48 5 7;0;80 266 472 €
1194;29/10/2019;16 18 28 42 49 5 10;0;72 065 538 €
1195;25/10/2019;34 37 39 40 50 4 10;0;61 669 532 €
1196;22/10/2019;2 5 32 33 47 7 8;0;48 515 733 €
1197;18/10/2019;8 18 22 41 42 11 12;0;38 860 931 €
1198;15/10/2019;3 28 31 32 34 4 5;0;26 357 631 €
1199;11/10/2019;2 14 19 42 45 5 6;0;17 000 000 €
1200;08/10/2019;7 10 15 44 49 3 12;1;190 000 000 €
1201;04/10/2019;6 9 35 41 44 6 9;0;190 000 000 €
1202;01/10/2019;2 11 18 40 46 1 4;0;190 000 000 €
1203;27/09/2019;24 37 41 43 46 2 8;0;190 000 000 €
1204;24/09/2019;2 33 42 47 48 1 2;0;190 000 000 €
1205;20/09/2019;8 21 25 38 50 4 8;0;189 603 734 €
1206;17/09/2019;22 37 43 44 45 1 12;0;175 143 429 €
1207;13/09/2019;1 12 27 42 47 6 7;0;164 055 006 €
1208;10/09/2019;3 22 25 30 49 3 6;0;149 857 027 €
1209;06/09/2019;10 13 22 40 48 2 5;0;139 970 283 €
1210;03/09/2019;7 11 38 39 44 7 10;0;128 170 100 €
1211;30/08/2019;25 27 45 46 49 4 6;0;119 176 433 €
1212;27/08/2019;8 26 35 43 47 1 9;0;108 433 046 €
1213;23/08/2019;4 17 35 42 45 2 8;0;100 840 609 €
1214;20/08/2019;20 22 23 24 37 1 4;0;91 270 047 €
1215;16/08/2019;9 10 27 37 42 1 5;0;84 510 207 €
1216;13/08/2019;13 29 31 33 40 2 3;0;76 458 286 €
1217;09/08/2019;2 14 35 41 42 10 11;0;70 120 308 €
1218;06/08/2019;12 13 29 36 38 4 12;0;57 394 563 €
1219;02/08/2019;13 22 33 44 50 2 5;0;48 088 964 €
1220;30/07/2019;15 20 23 27 40 3 6;0;36 345 090 €
1221;26/07/2019;2 5 27 37 42 3 10;0;27 844 950 €
1222;23/07/2019;1 14 19 23 38 3 7;0;17 000 000 €
1223;19/07/2019;13 14 17 26 28 2 7;1;107 683 454 €
1224;16/07/2019;3 5 13 18 39 7 8;0;97 518 039 €
1225;12/07/2019;2 31 39 45 47 4 8;0;90 471 737 €
1226;09/07/2019;7 29 32 36 41 6 7;0;81 747 157 €
1227;05/07/2019;2 9 20 34 42 6 9;0;75 229 368 €
1228;02/07/2019;11 19 29 44 45 8 12;0;67 120 223 €
1229;28/06/2019;1 3 16 33 49 2 11;0;57 532 742 €
1230;25/06/2019;6 26 27 34 46 1 9;0;45 289 917 €
1231;21/06/2019;5 8 9 25 39 3 7;0;36 686 125 €
1232;18/06/2019;12 24 37 40 44 3 7;0;25 307 673 €
1233;14/06/2019;1 13 30 31 39 2 7;0;17 000 000 €
1234;11/06/2019;25 27 39 42 46 11 12;1;138 716 863 €
1235;07/06/2019;1 4 16 20 34 2 5;0;130 000 000 €
1236;04/06/2019;9 31 32 39 41 2 8;0;25 380 126 €
1237;31/05/2019;1 23 24 26 35 1 11;0;17 000 000 €
1238;28/05/2019;7 19 20 28 29 1 5;2;65 353 668 €
1239;24/05/2019;5 16 23 30 49 6 7;0;56 397 248 €
1240;21/05/2019;32 33 34 39 47 8 12;0;44 599 323 €
1241;17/05/2019;16 28 42 43 45 6 7;0;36 088 260 €
1242;14/05/2019;10 14 17 25 50 2 10;0;24 956 872 €
1243;10/05/2019;1 4 27 45 48 1 7;0;17 000 000 €
1244;07/05/2019;7 20 26 32 47 2 11;1;25 024 461 €
1245;03/05/2019;2 9 20 27 43 5 6;0;17 000 000 €
1246;30/04/2019;5 12 20 26 48 2 11;1;25 326 022 €
1247;26/04/2019;14 33 35 47 50 9 11;0;17 000 000 €
1248;23/04/2019;18 23 27 42 44 2 7;1;44 153 561 €
1249;19/04/2019;7 8 32 41 49 5 11;0;36 104 655 €
1250;16/04/2019;1 8 15 44 49 2 11;0;25 270 377 €
1251;12/04/2019;1 28 35 36 46 6 9;0;17 000 000 €
1252;09/04/2019;18 21 29 38 41 1 11;1;79 149 373 €
1253;05/04/2019;1 7 10 29 45 3 5;0;72 846 386 €
1254;02/04/2019;2 9 16 26 36 6 7;0;59 503 555 €
1255;29/03/2019;13 23 26 32 47 6 10;0;49 918 767 €
1256;26/03/2019;12 19 23 43 47 2 6;0;37 479 115 €
1257;22/03/2019;4 17 26 30 43 6 11;0;28 719 145 €
1258;19/03/2019;1 6 9 34 47 7 12;0;17 000 000 €
1259;15/03/2019;3 15 24 42 46 9 12;1;83 410 540 €
1260;12/03/2019;5 7 13 19 31 2 9;0;74 349 024 €
1261;08/03/2019;17 18 19 24 40 4 8;0;63 920 702 €
1262;05/03/2019;6 10 16 39 46 8 11;0;50 394 785 €
1263;01/03/2019;6 9 19 26 31 11 12;0;40 737 694 €
1264;26/02/2019;3 15 29 35 47 3 4;0;25 879 457 €
1265;22/02/2019;3 27 29 33 50 3 7;0;17 000 000 €
1266;19/02/2019;1 8 18 19 39 7 9;1;175 475 380 €
1267;15/02/2019;15 27 34 38 49 2 10;0;164 624 365 €
1268;12/02/2019;6 34 36 41 50 1 5;0;151 629 098 €
1269;08/02/2019;11 12 13 39 46 7 10;0;141 607 621 €
1270;05/02/2019;14 25 31 37 43 2 3;0;129 262 876 €
1271;01/02/2019;3 21 26 41 46 1 6;0;120 000 000 €
1272;29/01/2019;14 24 26 32 39 3 8;0;85 646 002 €
1273;25/01/2019;1 6 13 15 16 6 10;0;78 799 794 €
1274;22/01/2019;9 23 29 41 49 8 10;0;70 256 484 €
1275;18/01/2019;5 6 16 30 46 5 10;0;60 264 632 €
1276;15/01/2019;22 25 29 33 35 3 6;0;47 436 060 €
1277;11/01/2019;1 19 31 39 48 1 6;0;38 040 648 €
1278;08/01/2019;3 19 22 31 32 2 11;0;25 825 451 €
1279;04/01/2019;7 11 19 27 37 6 10;0;17 000 000 €
1280;01/01/2019;1 8 11 25 28 4 6;1;129 645 665 €
1281;29/12/2020;7 32 39 40 45 3 8;0;28 138 113 €
1282;25/12/2020;16 21 27 30 32 3 5;0;17 000 000 €
1283;22/12/2020;2 10 16 42 50 4 11;1;43 704 037 €
1284;18/12/2020;2 3 13 17 21 7 8;0;31 733 127 €
1285;15/12/2020;9 13 21 29 35 1 2;0;17 000 000 €
1286;11/12/2020;6 9 13 24 41 3 12;1;200 000 000 €
1287;08/12/2020;1 4 21 24 46 2 12;0;200 000 000 €
1288;04/12/2020;14 20 27 34 38 1 11;0;200 000 000 €
1289;01/12/2020;14 20 29 47 49 4 12;0;178 983 729 €
1290;27/11/2020;2 5 8 14 16 8 9;0;163 105 527 €
1291;24/11/2020;25 33 38 42 50 8 12;0;144 228 546 €
1292;20/11/2020;28 29 39 48 50 5 7;0;130 000 000 €
1293;17/11/2020;16 19 25 30 44 2 6;0;77 412 811 €
1294;13/11/2020;1 5 17 28 31 1 10;0;67 599 950 €
1295;10/11/2020;3 19 29 32 38 5 12;0;50 553 655 €
1296;06/11/2020;7 12 37 40 50 1 2;0;39 829 739 €
1297;03/11/2020;5 7 18 20 30 6 7;0;26 511 570 €
1298;30/10/2020;12 16 20 21 28 3 9;0;17 000 000 €
1299;27/10/2020;13 15 28 32 44 3 12;1;87 757 466 €
1300;23/10/2020;10 15 19 21 23 3 12;0;77 965 255 €
1301;20/10/2020;5 6 15 37 42 3 4;0;65 338 543 €
1302;16/10/2020;15 33 38 40 50 3 6;0;54 453 448 €
1303;13/10/2020;5 14 38 41 46 1 10;0;40 315 607 €
1304;09/10/2020;11 15 35 41 50 5 8;0;30 301 316 €
1305;06/10/2020;4 21 36 41 47 9 11;0;17 000 000 €
1306;02/10/2020;6 12 15 40 45 3 9;1;30 627 859 €
1307;29/09/2020;4 14 16 41 44 11 12;0;17 000 000 €
1308;25/09/2020;19 23 34 37 45 1 7;1;130 000 000 €
1309;22/09/2020;16 25 28 39 40 1 6;0;77 251 357 €
1310;18/09/2020;2 10 19 25 45 1 7;0;67 276 035 €
1311;15/09/2020;16 20 25 30 38 6 8;0;51 364 535 €
1312;11/09/2020;34 38 42 43 45 9 12;0;40 532 810 €
1313;08/09/2020;2 9 31 35 41 9 12;0;27 031 840 €
1314;04/09/2020;6 22 29 40 43 4 7;0;17 000 000 €
1315;01/09/2020;4 8 10 33 46 8 11;1;157 170 843 €
1316;28/08/2020;7 12 16 17 31 7 9;0;142 306 851 €
1317;25/08/2020;7 18 30 37 39 8 10;0;125 020 060 €
1318;21/08/2020;10 15 35 44 50 3 5;0;111 858 946 €
1319;18/08/2020;6 12 17 34 42 5 12;0;96 747 721 €
1320;14/08/2020;9 10 19 42 49 4 12;0;86 162 555 €
1321;11/08/2020;8 13 14 42 50 3 9;0;73 494 414 €
1322;07/08/2020;5 20 21 36 41 6 11;0;64 058 391 €
1323;04/08/2020;1 2 5 15 42 5 8;0;49 112 673 €
1324;31/07/2020;21 24 30 46 49 2 5;0;38 953 665 €
1325;28/07/2020;9 13 15 17 34 2 7;0;26 261 754 €
1326;24/07/2020;8 9 27 28 50 4 12;0;17 000 000 €
1327;21/07/2020;14 15 24 29 42 2 4;1;49 564 587 €
1328;17/07/2020;7 15 27 41 43 7 9;0;39 348 808 €
1329;14/07/2020;11 22 30 37 47 9 10;0;26 440 749 €
1330;10/07/2020;15 17 23 30 38 2 7;0;17 000 000 €
1331;07/07/2020;12 16 23 33 41 8 10;1;144 542 315 €
1332;03/07/2020;4 16 27 37 39 3 6;0;130 000 000 €
1333;30/06/2020;1 6 11 28 42 2 10;0;62 297 693 €
1334;26/06/2020;1 10 12 21 26 5 11;0;51 471 751 €
1335;23/06/2020;2 12 19 46 49 1 8;0;38 429 546 €
1336;19/06/2020;5 14 19 24 43 3 11;0;29 065 639 €
1337;16/06/2020;4 9 11 17 39 2 10;0;17 000 000 €
1338;12/06/2020;2 24 39 45 46 4 8;1;51 583 717 €
1339;09/06/2020;5 15 27 36 46 2 8;0;38 666 415 €
1340;05/06/2020;5 11 17 24 37 3 6;0;29 131 137 €
1341;02/06/2020;10 12 22 26 49 7 11;0;17 000 000 €
1342;29/05/2020;4 8 11 19 46 4 8;1;17 000 000 €
1343;26/05/2020;4 9 14 21 27 4 6;2;37 143 480 €
1344;22/05/2020;3 18 22 27 32 2 7;0;28 245 446 €
1345;19/05/2020;5 25 32 37 43 6 7;0;17 000 000 €
1346;15/05/2020;11 23 32 34 39 1 6;1;72 969 058 €
1347;12/05/2020;9 16 29 37 39 4 11;0;63 861 474 €
1348;08/05/2020;8 25 32 33 38 7 9;0;57 015 368 €
1349;05/05/2020;2 10 22 27 41 2 3;0;48 838 406 €
1350;01/05/2020;19 20 38 45 47 2 6;0;41 201 741 €
1351;28/04/2020;15 23 26 28 32 1 5;0;32 299 012 €
1352;24/04/2020;1 5 19 21 28 4 7;0;25 497 940 €
1353;21/04/2020;10 11 14 23 28 6 8;0;17 000 000 €
1354;17/04/2020;16 28 32 37 45 1 11;1;67 188 313 €
1355;14/04/2020;6 29 34 35 40 4 11;0;59 184 725 €
1356;10/04/2020;3 10 17 33 39 1 4;0;53 434 751 €
1357;07/04/2020;4 5 14 33 48 7 12;0;45 796 215 €
1358;03/04/2020;16 19 34 46 50 2 6;0;39 141 320 €
1359;31/03/2020;12 17 24 30 36 1 9;0;30 777 246 €
1360;27/03/2020;11 14 27 41 46 2 3;0;24 704 307 €
1361;24/03/2020;7 12 26 30 33 10 11;0;17 000 000 €
1362;20/03/2020;3 9 20 34 40 6 12;1;17 000 000 €
1363;17/03/2020;5 7 8 16 20 2 12;1;63 600 033 €
1364;13/03/2020;3 11 21 27 36 9 10;0;55 850 379 €
1365;10/03/2020;11 23 30 37 43 5 12;0;40 555 593 €
1366;06/03/2020;15 38 43 45 46 1 11;0;30 399 605 €
1367;03/03/2020;4 14 27 44 45 1 10;0;17 000 000 €
1368;28/02/2020;8 11 20 22 23 3 4;1;67 084 644 €
1369;25/02/2020;1 4 18 27 42 4 6;0;51 940 006 €
1370;21/02/2020;7 23 30 32 45 5 9;0;41 085 850 €
1371;18/02/2020;11 32 34 38 47 2 10;0;27 039 366 €
1372;14/02/2020;5 20 35 41 49 6 10;0;17 000 000 €
1373;11/02/2020;24 26 32 43 46 6 10;1;17 000 000 €
1374;07/02/2020;9 15 17 25 40 3 9;1;130 000 000 €
1375;04/02/2020;21 23 33 35 47 6 7;0;40 857 417 €
1376;31/01/2020;13 18 20 23 30 2 4;0;28 934 315 €
1377;28/01/2020;1 19 27 31 38 4 5;0;17 000 000 €
1378;24/01/2020;3 4 6 9 24 5 8;1;28 601 720 €
1379;21/01/2020;10 11 24 36 46 3 5;0;17 000 000 €
1380;17/01/2020;8 19 20 29 44 3 8;1;100 779 289 €
1381;14/01/2020;21 25 29 39 44 8 9;0;91 228 644 €
1382;10/01/2020;6 17 32 44 46 2 6;0;84 145 912 €
1383;07/01/2020;5 8 12 37 43 6 11;0;75 337 663 €
1384;03/01/2020;5 15 20 36 47 8 12;0;64 992 459 €
1385;31/12/2021;7 22 25 43 49 6 7;1;17 571 602 €
1386;28/12/2021;4 6 15 17 29 9 12;1;79 411 191 €
1387;24/12/2021;2 26 28 34 41 5 10;0;69 443 074 €
1388;21/12/2021;12 17 21 34 38 2 3;0;52 678 478 €
1389;17/12/2021;1 2 15 30 35 2 7;0;41 402 488 €
1390;14/12/2021;19 21 37 47 48 3 6;0;27 297 367 €
1391;10/12/2021;11 21 33 38 42 2 8;0;17 000 000 €
1392;07/12/2021;22 31 38 46 47 7 11;1;143 469 842 €
1393;03/12/2021;21 22 29 32 46 9 10;0;130 000 000 €
1394;30/11/2021;19 20 26 33 43 1 4;0;17 000 000 €
1395;26/11/2021;1 20 41 42 50 3 7;1;162 289 050 €
1396;23/11/2021;17 21 36 42 46 7 10;0;145 091 098 €
1397;19/11/2021;22 26 38 47 50 2 6;0;132 310 193 €
1398;16/11/2021;9 19 21 32 36 3 4;0;116 414 664 €
1399;12/11/2021;2 9 15 47 50 6 9;0;104 804 310 €
1400;09/11/2021;17 25 26 33 36 1 8;0;90 574 742 €
1401;05/11/2021;2 12 25 30 41 8 11;0;80 098 420 €
1402;02/11/2021;2 3 17 29 43 1 4;0;67 114 273 €
1403;29/10/2021;10 15 28 32 49 3 9;0;56 130 474 €
1404;26/10/2021;12 15 20 42 44 1 2;0;41 218 951 €
1405;22/10/2021;12 17 22 33 39 2 12;0;30 765 413 €
1406;19/10/2021;4 20 36 40 41 1 6;0;17 000 000 €
1407;15/10/2021;21 26 31 34 49 2 5;1;220 000 000 €
1408;12/10/2021;6 13 22 45 49 10 11;0;220 000 000 €
1409;08/10/2021;1 10 23 42 46 3 5;0;204 959 523 €
1410;05/10/2021;11 13 14 36 45 7 9;0;180 775 500 €
1411;01/10/2021;1 15 19 26 48 6 12;0;164 139 268 €
1412;28/09/2021;6 7 12 33 39 1 7;0;144 513 199 €
1413;24/09/2021;2 12 20 27 41 10 12;0;130 000 000 €
1414;21/09/2021;20 25 26 30 38 2 8;0;50 323 000 €
1415;17/09/2021;5 7 8 10 34 1 9;0;39 791 600 €
1416;14/09/2021;12 18 35 38 45 2 8;0;26 452 496 €
1417;10/09/2021;1 6 7 18 28 2 8;0;17 000 000 €
1418;07/09/2021;7 19 35 42 43 7 9;1;26 572 332 €
1419;03/09/2021;5 7 13 29 35 3 7;0;17 000 000 €
1420;31/08/2021;5 13 17 32 43 2 10;3;63 644 286 €
1421;27/08/2021;2 3 31 46 50 8 12;0;53 070 091 €
1422;24/08/2021;19 21 36 44 50 3 10;0;39 413 483 €
1423;20/08/2021;3 9 19 20 23 9 11;0;29 593 864 €
1424;17/08/2021;12 31 41 42 47 4 6;0;17 000 000 €
1425;13/08/2021;6 12 44 47 49 8 12;1;113 156 128 €
1426;10/08/2021;9 37 47 48 49 2 7;0;95 302 087 €
1427;06/08/2021;7 14 21 26 32 4 12;0;84 880 433 €
1428;03/08/2021;17 21 23 45 46 7 11;0;72 123 753 €
1429;30/07/2021;10 23 33 35 37 5 10;0;62 793 085 €
1430;27/07/2021;5 9 19 21 25 10 12;0;48 844 837 €
1431;23/07/2021;23 24 26 34 50 2 4;0;38 825 770 €
1432;20/07/2021;3 12 19 41 48 6 9;0;26 211 196 €
1433;16/07/2021;5 16 42 47 49 3 11;0;17 000 000 €
1434;13/07/2021;5 6 8 11 22 3 4;1;26 482 986 €
1435;09/07/2021;6 19 36 37 49 4 11;0;17 000 000 €
1436;06/07/2021;2 5 21 27 42 9 11;1;17 000 000 €
1437;02/07/2021;9 14 29 38 49 7 10;1;77 959 528 €
1438;29/06/2021;6 12 20 24 48 5 6;0;64 340 127 €
1439;25/06/2021;1 29 30 33 36 3 12;0;53 683 594 €
1440;22/06/2021;6 24 26 27 41 3 8;0;39 918 304 €
1441;18/06/2021;11 20 27 30 41 3 5;0;29 998 047 €
1442;15/06/2021;11 21 26 30 31 2 3;0;17 000 000 €
1443;11/06/2021;9 17 21 33 39 7 11;1;30 382 655 €
1444;08/06/2021;2 11 26 36 47 7 9;0;17 000 000 €
1445;04/06/2021;7 20 36 40 46 2 4;1;130 000 000 €
1446;01/06/2021;3 10 26 35 44 6 7;0;88 760 288 €
1447;28/05/2021;11 13 16 34 40 1 12;0;78 620 802 €
1448;25/05/2021;1 21 26 30 38 2 8;0;65 838 496 €
1449;21/05/2021;2 9 13 15 35 3 10;0;54 934 280 €
1450;18/05/2021;5 13 38 39 40 4 12;0;40 625 089 €
1451;14/05/2021;6 16 18 29 38 6 11;0;30 241 215 €
1452;11/05/2021;14 25 34 43 46 5 6;0;17 000 000 €
1453;07/05/2021;14 22 33 38 47 8 9;1;69 463 976 €
1454;04/05/2021;3 10 13 28 46 4 11;0;54 222 329 €
1455;30/04/2021;1 16 24 28 46 2 11;0;43 409 687 €
1456;27/04/2021;13 14 24 35 49 1 10;0;27 232 271 €
1457;23/04/2021;3 14 15 19 29 2 8;0;17 000 000 €
1458;20/04/2021;5 17 28 41 46 10 11;1;68 414 615 €
1459;16/04/2021;6 11 29 40 48 5 9;0;56 913 174 €
1460;13/04/2021;16 20 31 47 50 2 8;0;42 155 143 €
1461;09/04/2021;2 8 32 35 44 8 11;0;31 216 341 €
1462;06/04/2021;2 21 37 38 50 7 8;0;17 000 000 €
1463;02/04/2021;4 21 34 40 47 2 5;1;144 755 907 €
1464;30/03/2021;24 27 28 29 42 4 8;0;128 213 947 €
1465;26/03/2021;10 12 37 49 50 3 8;0;115 321 837 €
1466;23/03/2021;2 26 29 36 49 3 9;0;99 009 615 €
1467;19/03/2021;3 9 35 43 44 1 10;0;87 587 639 €
1468;16/03/2021;23 25 32 35 47 2 6;0;73 410 604 €
1469;12/03/2021;4 6 9 11 44 10 11;0;60 764 885 €
1470;09/03/2021;1 16 21 32 33 11 12;0;44 153 103 €
1471;05/03/2021;4 5 39 46 48 7 10;0;32 402 008 €
1472;02/03/2021;2 19 24 26 49 6 7;0;17 000 000 €
1473;26/02/2021;6 12 22 29 33 6 11;1;210 000 000 €
1474;23/02/2021;9 18 30 39 45 1 3;0;210 000 000 €
1475;19/02/2021;4 12 25 46 48 7 12;0;206 564 757 €
1476;16/02/2021;5 9 25 29 30 6 7;0;180 847 515 €
1477;12/02/2021;7 23 30 32 36 8 12;0;164 677 184 €
1478;09/02/2021;5 10 24 31 37 9 10;0;145 042 671 €
1479;05/02/2021;12 19 37 44 45 2 6;0;130 000 000 €
1480;02/02/2021;18 20 35 38 48 9 12;0;41 721 143 €
1481;29/01/2021;1 5 27 36 42 1 6;0;30 681 161 €
1482;26/01/2021;5 7 25 37 40 2 8;0;17 000 000 €
1483;22/01/2021;8 16 42 44 47 6 7;1;80 566 353 €
1484;19/01/2021;25 27 31 35 43 5 6;0;67 733 808 €
1485;15/01/2021;4 10 27 38 40 3 11;0;56 331 898 €
1486;12/01/2021;2 10 18 34 35 6 9;0;41 607 178 €
1487;08/01/2021;18 23 37 41 42 4 6;0;30 824 040 €
1488;05/01/2021;12 34 37 38 42 1 3;0;17 000 000 €
1489;01/01/2021;16 28 32 44 48 1 9;1;44 958 140 €
1490;30/12/2022;17 34 42 47 48 1 9;0;17 000 000 €
1491;27/12/2022;19 31 33 34 43 3 5;1;26 956 990 €
1492;23/12/2022;16 17 23 26 35 5 11;0;17 000 000 €
1493;20/12/2022;1 11 17 20 27 4 5;1;51 605 931 €
1494;16/12/2022;2 15 19 35 44 2 7;0;40 613 995 €
1495;13/12/2022;3 9 12 26 30 10 11;0;27 040 539 €
1496;09/12/2022;8 27 31 46 50 1 3;0;17 000 000 €
1497;06/12/2022;12 20 25 26 27 8 12;1;142 897 164 €
1498;02/12/2022;12 21 35 39 45 6 11;0;130 000 000 €
1499;29/11/2022;15 20 24 35 38 8 12;0;87 748 883 €
1500;25/11/2022;19 21 35 37 39 2 6;0;77 861 913 €
1501;22/11/2022;21 22 24 29 42 3 11;0;65 446 418 €
1502;18/11/2022;13 16 19 35 41 1 11;0;54 718 416 €
1503;15/11/2022;13 21 24 31 33 1 12;0;40 593 927 €
1504;11/11/2022;2 19 24 25 44 2 10;0;30 268 879 €
1505;08/11/2022;3 5 32 33 50 1 8;0;17 000 000 €
1506;04/11/2022;2 11 37 45 47 2 3;1;160 788 895 €
1507;01/11/2022;19 37 42 47 48 1 6;0;142 364 827 €
1508;28/10/2022;14 16 21 28 35 1 11;0;130 427 867 €
1509;25/10/2022;7 24 34 39 46 1 6;0;115 163 196 €
1510;21/10/2022;25 26 28 38 40 1 6;0;103 645 225 €
1511;18/10/2022;3 5 13 42 48 1 6;0;89 872 400 €
1512;14/10/2022;24 28 29 34 48 3 7;0;79 886 870 €
1513;11/10/2022;8 23 32 35 40 1 8;0;67 271 821 €
1514;07/10/2022;26 27 42 45 50 1 12;0;55 925 603 €
1515;04/10/2022;3 18 28 42 43 3 12;0;41 404 202 €
1516;30/09/2022;1 2 11 16 26 3 12;0;30 779 317 €
1517;27/09/2022;4 20 21 34 44 1 3;0;17 000 000 €
1518;23/09/2022;14 15 22 35 48 3 8;1;193 007 524 €
1519;20/09/2022;11 21 23 32 48 3 12;0;174 393 432 €
1520;16/09/2022;10 27 36 45 49 3 4;0;160 585 356 €
1521;13/09/2022;9 12 15 40 47 1 11;0;143 363 071 €
1522;09/09/2022;17 23 24 26 27 4 9;0;130 000 000 €
1523;06/09/2022;7 10 22 29 44 4 5;0;17 000 000 €
1524;02/09/2022;7 12 13 20 45 3 12;1;128 491 607 €
1525;30/08/2022;4 6 10 15 19 1 4;0;112 909 220 €
1526;26/08/2022;22 23 25 38 44 11 12;0;101 607 332 €
1527;23/08/2022;19 26 31 39 48 2 3;0;87 739 478 €
1528;19/08/2022;2 9 13 19 38 2 6;0;77 782 771 €
1529;16/08/2022;10 14 25 32 39 7 8;0;65 542 062 €
1530;12/08/2022;14 17 34 35 42 6 10;0;54 932 236 €
1531;09/08/2022;18 19 21 27 47 5 11;0;40 859 540 €
1532;05/08/2022;3 29 33 35 44 8 10;0;30 356 111 €
1533;02/08/2022;7 18 28 40 48 8 11;0;17 000 000 €
1534;29/07/2022;3 23 38 43 48 3 8;1;41 717 625 €
1535;26/07/2022;3 5 17 25 27 1 9;0;27 478 522 €
1536;22/07/2022;16 18 29 32 50 4 11;0;17 000 000 €
1537;19/07/2022;6 23 27 40 41 2 12;1;230 000 000 €
1538;15/07/2022;9 17 29 38 39 7 10;0;230 000 000 €
1539;12/07/2022;14 18 24 25 50 6 11;0;230 000 000 €
1540;08/07/2022;28 31 35 43 46 4 7;0;230 000 000 €
1541;05/07/2022;7 10 25 45 48 3 6;0;215 357 108 €
1542;01/07/2022;6 18 24 34 46 3 12;0;196 414 962 €
1543;28/06/2022;10 35 42 47 48 2 11;0;175 942 220 €
1544;24/06/2022;10 17 28 44 50 8 12;0;161 066 308 €
1545;21/06/2022;6 23 36 39 47 8 10;0;143 671 414 €
1546;17/06/2022;19 21 22 31 38 7 11;0;130 000 000 €
1547;14/06/2022;2 7 27 34 40 3 11;0;17 000 000 €
1548;10/06/2022;17 26 36 37 40 9 12;1;64 382 899 €
1549;07/06/2022;6 16 17 25 31 2 6;0;50 425 091 €
1550;03/06/2022;12 28 29 34 48 9 11;0;40 193 759 €
1551;31/05/2022;3 10 13 42 49 3 9;0;26 862 123 €
1552;27/05/2022;15 23 28 34 48 3 5;0;17 000 000 €
1553;24/05/2022;10 13 27 36 37 2 10;1;50 656 220 €
1554;20/05/2022;8 22 23 32 50 3 9;0;40 361 205 €
1555;17/05/2022;5 28 30 48 49 5 11;0;26 854 990 €
1556;13/05/2022;3 11 17 45 48 4 8;0;17 000 000 €
1557;10/05/2022;3 25 27 28 29 4 9;1;215 840 341 €
1558;06/05/2022;3 8 18 24 40 3 11;0;195 426 739 €
1559;03/05/2022;8 20 26 47 48 3 8;0;174 025 283 €
1560;29/04/2022;10 11 20 36 37 3 7;0;158 670 926 €
1561;26/04/2022;4 25 28 34 45 8 11;0;138 997 634 €
1562;22/04/2022;6 11 21 35 36 1 9;0;125 443 189 €
1563;19/04/2022;2 12 17 28 46 6 10;0;109 726 011 €
1564;15/04/2022;6 24 30 32 48 5 6;0;99 284 232 €
1565;12/04/2022;21 30 31 35 47 2 10;0;86 707 525 €
1566;08/04/2022;1 15 16 38 45 4 11;0;77 113 731 €
1567;05/04/2022;1 11 13 24 49 5 6;0;64 950 730 €
1568;01/04/2022;2 7 21 31 45 4 10;0;54 338 154 €
1569;29/03/2022;8 11 33 42 43 6 11;0;40 310 864 €
1570;25/03/2022;6 10 24 27 29 5 12;0;30 608 285 €
1571;22/03/2022;7 17 21 29 40 8 11;0;17 000 000 €
1572;18/03/2022;1 9 14 17 43 6 12;2;53 651 194 €
1573;15/03/2022;1 2 12 19 26 2 8;0;40 030 704 €
1574;11/03/2022;12 19 22 23 48 2 6;0;30 105 266 €
1575;08/03/2022;12 18 21 25 31 2 9;0;17 000 000 €
1576;04/03/2022;6 20 40 42 43 10 12;1;78 587 957 €
1577;01/03/2022;8 24 26 39 42 3 5;0;65 887 876 €
1578;25/02/2022;10 13 24 30 42 1 5;0;55 111 352 €
1579;22/02/2022;5 9 14 26 32 3 7;0;40 960 814 €
1580;18/02/2022;25 38 41 43 50 6 10;0;30 386 297 €
1581;15/02/2022;9 20 31 33 44 2 12;0;17 000 000 €
1582;11/02/2022;13 18 38 42 45 7 11;1;30 928 078 €
1583;08/02/2022;6 20 34 37 43 7 10;0;17 000 000 €
1584;04/02/2022;3 25 38 43 49 3 7;1;130 000 000 €
1585;01/02/2022;1 19 36 38 49 6 9;0;62 918 725 €
1586;28/01/2022;10 25 29 34 45 9 10;0;51 355 483 €
1587;25/01/2022;6 16 18 39 47 2 4;0;36 602 485 €
1588;21/01/2022;5 14 35 36 39 7 12;0;26 158 375 €
1589;18/01/2022;3 12 19 24 30 2 5;1;67 441 797 €
1590;14/01/2022;6 17 25 31 46 9 12;0;55 802 638 €
1591;11/01/2022;4 23 32 33 44 9 12;0;41 198 749 €
1592;07/01/2022;2 14 37 44 50 7 11;0;30 434 021 €
1593;04/01/2022;18 28 35 36 41 6 11;0;17 000 000 €
1594;29/12/2023;2 3 19 36 37 6 9;0;30 547 317 €
1595;26/12/2023;8 27 30 35 47 9 10;0;17 000 000 €
1596;22/12/2023;6 14 34 44 49 4 12;1;55 662 868 €
1597;19/12/2023;10 20 41 43 45 2 12;0;40 468 227 €
1598;15/12/2023;2 13 37 38 48 5 9;0;30 315 474 €
1599;12/12/2023;6 28 37 39 43 9 12;0;17 000 000 €
1600;08/12/2023;17 30 42 48 50 4 8;1;240 000 000 €
1601;05/12/2023;4 6 20 24 25 5 9;0;218 859 088 €
1602;01/12/2023;4 10 14 38 50 9 12;0;200 000 000 €
1603;28/11/2023;12 16 27 33 44 7 8;1;83 068 817 €
1604;24/11/2023;15 20 29 39 48 1 7;0;73 689 177 €
1605;21/11/2023;19 29 34 46 47 2 3;0;61 945 882 €
1606;17/11/2023;2 24 26 46 50 2 7;0;51 871 164 €
1607;14/11/2023;13 16 36 44 50 3 5;0;38 766 955 €
1608;10/11/2023;10 21 30 38 42 2 12;0;29 442 596 €
1609;07/11/2023;8 10 11 30 39 4 10;0;17 000 000 €
1610;03/11/2023;8 21 31 39 47 5 9;1;31 218 086 €
1611;31/10/2023;5 7 20 40 50 2 10;0;17 000 000 €
1612;27/10/2023;29 33 35 48 49 3 8;1;17 000 000 €
1613;24/10/2023;8 16 18 31 34 6 9;1;26 274 769 €
1614;20/10/2023;2 20 28 40 45 1 5;0;17 000 000 €
1615;17/10/2023;10 17 20 35 40 3 4;1;67 318 140 €
1616;13/10/2023;21 26 28 40 41 2 4;0;56 657 304 €
1617;10/10/2023;18 20 22 33 43 3 9;0;40 033 037 €
1618;06/10/2023;21 29 31 34 43 2 9;0;30 163 856 €
1619;03/10/2023;6 20 22 24 45 4 5;0;17 000 000 €
1620;29/09/2023;9 11 13 21 32 2 7;1;130 000 000 €
1621;26/09/2023;2 6 14 19 23 5 7;0;40 110 282 €
1622;22/09/2023;3 23 24 34 35 5 8;0;30 052 281 €
1623;19/09/2023;10 15 31 41 42 2 5;0;17 000 000 €
1624;15/09/2023;12 14 21 45 48 8 11;2;54 951 738 €
1625;12/09/2023;5 14 36 40 42 2 11;0;39 749 427 €
1626;08/09/2023;10 20 21 26 33 3 4;0;29 856 760 €
1627;05/09/2023;1 7 24 41 48 10 12;0;17 000 000 €
1628;01/09/2023;4 5 35 37 43 5 6;1;109 268 140 €
1629;29/08/2023;21 23 32 40 49 8 11;0;94 132 132 €
1630;25/08/2023;16 17 34 35 44 5 10;0;83 895 709 €
1631;22/08/2023;2 9 23 32 40 6 7;0;71 241 834 €
1632;18/08/2023;23 25 30 44 47 9 12;0;61 993 456 €
1633;15/08/2023;3 5 9 32 43 6 10;0;48 439 436 €
1634;11/08/2023;4 6 10 13 34 3 5;0;39 046 910 €
1635;08/08/2023;8 9 33 35 40 3 6;0;26 419 369 €
1636;04/08/2023;15 20 31 44 48 1 3;0;17 000 000 €
1637;01/08/2023;25 27 35 40 45 7 11;1;72 144 196 €
1638;28/07/2023;7 32 33 34 38 6 9;0;62 712 326 €
1639;25/07/2023;5 7 11 27 37 6 12;0;48 942 250 €
1640;21/07/2023;7 31 33 35 36 7 10;0;38 938 247 €
1641;18/07/2023;4 12 34 35 45 1 9;0;26 319 523 €
1642;14/07/2023;5 8 29 35 48 5 6;0;17 000 000 €
1643;11/07/2023;2 11 28 42 48 4 9;2;73 242 322 €
1644;07/07/2023;2 11 12 19 38 4 8;0;63 819 633 €
1645;04/07/2023;14 17 23 36 44 2 8;0;49 799 831 €
1646;30/06/2023;1 6 25 29 36 7 10;0;39 350 951 €
1647;27/06/2023;17 22 23 27 44 1 7;0;26 366 576 €
1648;23/06/2023;1 3 11 33 46 10 11;0;17 000 000 €
1649;20/06/2023;11 17 28 32 35 5 6;1;64 343 648 €
1650;16/06/2023;7 26 34 41 44 9 11;0;53 695 272 €
1651;13/06/2023;15 16 21 41 50 5 6;0;39 998 137 €
1652;09/06/2023;18 26 36 41 50 11 12;0;29 999 077 €
1653;06/06/2023;13 21 32 39 50 2 10;0;17 000 000 €
1654;02/06/2023;3 12 15 25 43 10 11;1;130 000 000 €
1655;30/05/2023;27 29 32 33 47 2 8;0;87 066 382 €
1656;26/05/2023;15 25 37 38 41 1 7;0;77 603 769 €
1657;23/05/2023;5 6 14 23 34 2 11;0;65 331 075 €
1658;19/05/2023;18 27 34 41 49 3 9;0;54 581 705 €
1659;16/05/2023;4 6 9 14 37 4 11;0;40 834 212 €
1660;12/05/2023;9 10 13 39 44 4 6;0;30 501 494 €
1661;09/05/2023;13 17 21 28 46 7 9;0;17 000 000 €
1662;05/05/2023;3 8 18 34 49 3 7;3;159 123 225 €
1663;02/05/2023;7 32 44 47 48 7 8;0;141 358 073 €
1664;28/04/2023;11 13 16 23 34 1 10;0;129 017 022 €
1665;25/04/2023;10 29 30 40 45 1 12;0;113 203 135 €
1666;21/04/2023;7 8 18 33 42 2 8;0;101 652 719 €
1667;18/04/2023;17 21 23 35 37 10 11;0;86 295 887 €
1668;14/04/2023;4 11 37 44 49 6 7;0;76 614 030 €
1669;11/04/2023;10 14 16 19 29 2 10;0;64 268 424 €
1670;07/04/2023;5 26 28 36 46 6 12;0;53 926 196 €
1671;04/04/2023;10 16 31 33 50 3 8;0;40 419 101 €
1672;31/03/2023;16 18 28 34 47 5 10;0;30 291 562 €
1673;28/03/2023;16 21 34 36 44 9 10;0;17 000 000 €
1674;24/03/2023;5 12 25 36 46 6 10;1;66 287 741 €
1675;21/03/2023;1 9 20 29 32 2 3;0;51 752 818 €
1676;17/03/2023;5 15 26 37 49 8 11;0;40 979 052 €
1677;14/03/2023;16 26 28 31 46 11 12;0;27 135 288 €
1678;10/03/2023;9 16 37 38 48 2 7;0;17 000 000 €
1679;07/03/2023;11 13 24 35 50 6 11;1;144 966 361 €
1680;03/03/2023;3 6 8 24 50 10 11;0;130 000 000 €
1681;28/02/2023;12 29 33 37 47 5 10;0;17 000 000 €
1682;24/02/2023;7 23 34 42 48 1 3;1;102 242 065 €
1683;21/02/2023;21 22 34 41 49 2 7;0;87 872 368 €
1684;17/02/2023;8 23 27 42 45 1 9;0;78 038 271 €
1685;14/02/2023;24 26 38 43 46 2 3;0;63 133 766 €
1686;10/02/2023;3 13 25 36 47 3 8;0;51 805 568 €
1687;07/02/2023;2 8 34 44 47 3 9;0;37 368 401 €
1688;03/02/2023;2 14 17 32 45 3 10;0;26 903 914 €
1689;31/01/2023;7 12 19 33 43 3 7;1;66 081 021 €
1690;27/01/2023;8 9 15 19 31 10 12;0;54 426 134 €
1691;24/01/2023;11 27 41 43 47 7 11;0;40 135 672 €
1692;20/01/2023;3 6 13 40 42 7 11;0;30 055 348 €
1693;17/01/2023;18 21 30 46 50 2 6;0;17 000 000 €
1694;13/01/2023;4 13 25 33 37 5 10;1;68 825 114 €
1695;10/01/2023;11 13 34 40 42 3 10;0;51 358 215 €
1696;06/01/2023;16 31 35 44 45 4 12;0;40 092 766 €
1697;03/01/2023;20 21 29 45 46 3 10;0;26 981 449 €
1698;31/12/2024;19 24 26 28 33 8 12;0;17 000 000 €
1699;27/12/2024;12 22 27 33 45 4 8;1;41 205 363 €
1700;24/12/2024;6 10 16 23 24 11 12;0;28 754 036 €
1701;20/12/2024;10 14 21 33 50 6 9;0;17 000 000 €
1702;17/12/2024;1 3 4 21 29 2 7;1;77 557 137 €
1703;13/12/2024;1 15 25 42 50 4 10;0;67 852 509 €
1704;10/12/2024;5 24 25 29 47 5 9;0;50 987 545 €
1705;06/12/2024;14 25 39 44 47 6 10;0;40 367 384 €
1706;03/12/2024;23 25 34 46 47 6 8;0;27 018 617 €
1707;29/11/2024;8 17 18 29 43 5 9;0;17 000 000 €
1708;26/11/2024;7 11 25 31 40 9 12;1;212 448 937 €
1709;22/11/2024;10 11 12 29 31 8 11;0;194 669 133 €
1710;19/11/2024;4 13 20 28 49 7 12;0;167 885 088 €
1711;15/11/2024;7 8 34 39 44 2 6;0;153 801 395 €
1712;12/11/2024;10 11 12 22 50 1 10;0;137 211 026 €
1713;08/11/2024;2 33 35 42 48 1 3;0;124 837 601 €
1714;05/11/2024;1 8 19 37 50 6 9;0;109 544 201 €
1715;01/11/2024;7 33 38 44 50 2 7;0;98 005 009 €
1716;29/10/2024;1 2 19 30 45 10 12;0;85 747 959 €
1717;25/10/2024;4 17 20 25 45 8 9;0;76 313 062 €
1718;22/10/2024;3 13 27 30 46 1 2;0;63 353 583 €
1719;18/10/2024;4 15 23 30 39 1 12;0;53 040 810 €
1720;15/10/2024;2 15 32 36 48 3 9;0;39 530 015 €
1721;11/10/2024;16 23 32 46 49 4 5;0;29 821 152 €
1722;08/10/2024;7 14 19 34 40 6 8;0;17 000 000 €
1723;04/10/2024;4 8 16 17 20 1 6;1;162 256 512 €
1724;01/10/2024;8 22 29 41 42 9 11;0;143 969 599 €
1725;27/09/2024;7 20 21 27 38 5 12;0;130 000 000 €
1726;24/09/2024;18 20 21 36 49 3 5;0;65 337 927 €
1727;20/09/2024;16 25 29 34 37 3 7;0;54 712 555 €
1728;17/09/2024;20 30 32 41 44 1 10;0;41 391 923 €
1729;13/09/2024;10 15 17 31 42 4 12;0;31 511 704 €
1730;10/09/2024;6 29 46 47 48 2 9;0;17 000 000 €
1731;06/09/2024;12 14 34 41 47 3 4;1;149 017 789 €
1732;03/09/2024;7 9 11 16 45 2 5;0;132 447 715 €
1733;30/08/2024;3 24 27 33 42 4 6;0;119 772 690 €
1734;27/08/2024;1 8 11 42 47 4 11;0;104 936 241 €
1735;23/08/2024;9 15 24 47 50 8 9;0;94 498 718 €
1736;20/08/2024;7 10 13 18 26 3 12;0;81 964 326 €
1737;16/08/2024;15 17 29 45 49 1 10;0;72 769 716 €
1738;13/08/2024;15 16 39 40 47 1 6;0;60 887 191 €
1739;09/08/2024;21 23 25 33 44 4 10;0;50 649 439 €
1740;06/08/2024;1 18 27 41 50 2 12;0;38 085 988 €
1741;02/08/2024;5 7 12 33 46 3 12;0;28 776 997 €
1742;30/07/2024;9 25 28 37 38 2 8;0;17 000 000 €
1743;26/07/2024;4 19 23 35 37 4 8;1;28 649 442 €
1744;23/07/2024;4 8 10 16 34 4 8;0;17 000 000 €
1745;19/07/2024;15 22 35 44 48 6 7;2;52 363 998 €
1746;16/07/2024;2 32 35 36 39 7 8;0;38 567 424 €
1747;12/07/2024;12 18 24 25 39 8 10;0;29 128 125 €
1748;09/07/2024;6 15 19 28 39 7 11;0;17 000 000 €
1749;05/07/2024;11 13 29 31 47 1 11;1;39 132 032 €
1750;02/07/2024;2 7 34 35 46 6 8;0;26 534 528 €
1751;28/06/2024;10 16 18 22 35 1 10;0;17 000 000 €
1752;25/06/2024;14 16 37 45 49 5 7;1;213 887 390 €
1753;21/06/2024;3 4 7 11 17 3 12;0;195 721 466 €
1754;18/06/2024;3 11 33 34 36 1 12;0;176 125 264 €
1755;14/06/2024;2 13 16 24 32 1 7;0;161 234 811 €
1756;11/06/2024;7 15 34 45 48 7 9;0;143 550 510 €
1757;07/06/2024;15 16 26 30 37 5 8;0;130 000 000 €
1758;04/06/2024;6 7 9 14 43 3 4;0;70 207 869 €
1759;31/05/2024;4 7 16 33 34 7 8;0;61 212 842 €
1760;28/05/2024;16 18 35 36 41 6 7;0;47 755 445 €
1761;24/05/2024;9 12 18 22 50 1 3;0;38 150 341 €
1762;21/05/2024;11 13 14 34 48 7 9;0;25 835 023 €
1763;17/05/2024;18 31 32 41 46 1 10;0;17 000 000 €
1764;14/05/2024;2 8 17 28 35 7 9;1;48 748 900 €
1765;10/05/2024;13 28 29 44 48 4 12;0;38 735 491 €
1766;07/05/2024;35 36 41 42 45 6 11;0;26 436 748 €
1767;03/05/2024;6 9 10 30 49 3 4;0;17 000 000 €
1768;30/04/2024;13 22 24 33 47 1 5;1;166 790 050 €
1769;26/04/2024;2 20 39 40 47 4 8;0;152 030 614 €
1770;23/04/2024;6 9 11 32 49 2 10;0;133 997 921 €
1771;19/04/2024;10 20 40 44 46 1 3;0;121 428 317 €
1772;16/04/2024;22 29 31 39 46 3 7;0;106 321 540 €
1773;12/04/2024;2 3 12 16 45 2 11;0;95 455 077 €
1774;09/04/2024;19 23 26 27 46 2 10;0;82 919 693 €
1775;05/04/2024;13 18 26 35 37 8 11;0;73 573 473 €
1776;02/04/2024;1 23 31 36 48 5 8;0;61 841 233 €
1777;29/03/2024;16 17 35 36 49 1 10;0;52 158 877 €
1778;26/03/2024;2 13 14 26 29 5 6;0;38 982 717 €
1779;22/03/2024;8 11 23 32 44 9 10;0;29 416 867 €
1780;19/03/2024;7 16 18 20 32 1 3;0;17 000 000 €
1781;15/03/2024;1 4 31 34 40 4 5;1;130 000 000 €
1782;12/03/2024;13 19 30 38 46 4 12;0;72 905 622 €
1783;08/03/2024;8 11 12 16 44 4 7;0;63 706 419 €
1784;05/03/2024;2 15 17 23 36 3 8;0;49 724 673 €
1785;01/03/2024;4 7 19 20 34 2 4;0;39 478 163 €
1786;27/02/2024;3 4 9 12 20 5 6;0;26 481 832 €
1787;23/02/2024;24 27 28 30 49 1 12;0;17 000 000 €
1788;20/02/2024;23 31 37 42 48 3 7;1;73 448 160 €
1789;16/02/2024;8 13 14 24 26 1 2;0;0 €
1790;13/02/2024;13 17 18 20 46 4 9;0;50 200 268 €
1791;09/02/2024;23 24 35 37 45 9 12;0;39 863 292 €
1792;06/02/2024;2 7 21 28 45 5 11;0;26 671 243 €
1793;02/02/2024;13 20 23 27 42 5 9;0;17 000 000 €
1794;30/01/2024;5 10 19 27 30 5 6;2;144 549 616 €
1795;26/01/2024;8 19 32 41 42 9 12;0;130 000 000 €
1796;23/01/2024;14 23 39 48 50 3 12;0;17 000 000 €
1797;19/01/2024;27 28 44 48 50 7 12;1;17 000 000 €
1798;16/01/2024;10 18 21 33 45 8 12;1;87 952 574 €
1799;12/01/2024;16 17 18 45 49 9 12;0;78 232 869 €
1800;09/01/2024;2 9 12 39 40 1 3;0;64 655 930 €
1801;05/01/2024;4 7 18 39 50 3 8;0;53 860 693 €
1802;02/01/2024;7 15 18 46 49 10 12;0;40 104 043 €
1803;01/04/2025;9 24 30 46 49 4 12;0;17 000 000 €
1804;28/03/2025;10 21 30 42 45 1 9;1;250 000 000 €
1805;25/03/2025;1 3 18 33 36 2 6;0;220 427 177 €
1806;21/03/2025;9 17 18 21 50 5 12;0;200 584 076 €
1807;18/03/2025;4 9 35 46 50 8 11;0;179 328 993 €
1808;14/03/2025;8 10 33 35 49 2 9;0;163 297 044 €
1809;11/03/2025;13 36 37 42 47 7 11;0;144 588 956 €
1810;07/03/2025;6 10 27 32 48 3 8;0;130 000 000 €
1811;04/03/2025;15 20 29 35 42 2 9;0;17 000 000 €
1812;28/02/2025;7 16 31 43 46 5 9;1;52 448 674 €
1813;25/02/2025;17 22 23 24 44 6 11;0;38 919 455 €
1814;21/02/2025;1 3 11 20 43 2 11;0;29 270 259 €
1815;18/02/2025;5 14 25 26 40 5 7;0;17 000 000 €
1816;14/02/2025;4 14 31 36 38 3 10;1;78 450 739 €
1817;11/02/2025;3 21 36 41 46 1 6;0;64 222 634 €
1818;07/02/2025;10 23 24 29 45 8 10;0;53 335 818 €
1819;04/02/2025;3 4 29 39 43 5 10;0;39 688 311 €
1820;31/01/2025;22 30 41 44 49 2 7;0;29 691 765 €
1821;28/01/2025;9 37 41 42 49 1 9;0;17 000 000 €
1822;24/01/2025;2 11 19 30 49 3 8;1;99 397 573 €
1823;21/01/2025;6 8 14 27 41 4 5;0;85 948 097 €
1824;17/01/2025;8 15 24 35 42 6 8;0;76 208 290 €
1825;14/01/2025;18 20 29 41 48 5 9;0;63 894 652 €
1826;10/01/2025;12 27 36 37 42 6 7;0;52 905 618 €
1827;07/01/2025;20 33 35 41 47 4 12;0;39 138 031 €
1828;03/01/2025;3 19 29 35 37 1 9;0;29 139 979 €
